Sequencial;Região;UF;Partido;Nr;Candidato;Nome eleitoral;Idade;Situação;Sexo;QE;Base/Oposição/Neutro;Grau de instrução;Ocupação;Eleito em 2010;Receitas em 2014;Nominais;R$/Voto
1;SE;SP;PV;4344;ROBERTO ALVES DE LUCENA;ROBERTO DE LUCENA;48;ELEITO POR QP;MASCULINO;Não;O;SUPERIOR COMPLETO;DEPUTADO;Sim;316915.53;67191;
2;SE;SP;PR;2222;FRANCISCO EVERARDO OLIVEIRA SILVA;TIRIRICA;49;ELEITO POR QP;MASCULINO;Sim;B;LÒ E ESCREVE;DEPUTADO;Sim;983590;1016796;
3;SE;SP;PT;1390;VICENTE PAULO DA SILVA;VICENTINHO;58;ELEITO POR QP;MASCULINO;Não;B;SUPERIOR COMPLETO;OUTROS;Sim;1440155.23;89001;
4;SE;SP;DEM;2577;ADRIANO ELI CORREA;ELI CORRÒA FILHO;38;ELEITO POR QP;MASCULINO;Não;O;SUPERIOR COMPLETO;LOCUTOR E COMENTARISTA DE RµDIO E TELEVISÇO E RADIALISTA;Sim;1107579.77;134138;
5;SE;SP;PSDB;4544;ANTONIO FLORIANO PEREIRA PESARO;FLORIANO PESARO;46;ELEITO POR MÉDIA;MASCULINO;Não;O;SUPERIOR COMPLETO;VEREADOR;Não;2572639.07;113949;
6;SE;SP;PT;1322;ARLINDO CHIGNALIA JUNIOR;ARLINDO CHINAGLIA;64;ELEITO POR QP;MASCULINO;Não;B;SUPERIOR COMPLETO;MÉDICO;Sim;4834358.25;135772;
7;SE;SP;DEM;2500;JORGE TADEU MUDALEN;JORGE TADEU;59;ELEITO POR QP;MASCULINO;Não;O;SUPERIOR COMPLETO;DEPUTADO;Sim;1830842.37;178771;
8;SE;SP;PSDB;4565;JOSÉ RICARDO ALVARENGA TRIPOLI;RICARDO TRIPOLI;62;ELEITO POR QP;MASCULINO;Não;O;SUPERIOR COMPLETO;ADVOGADO;Não;1731513.92;233806;
9;SE;SP;PMDB;1515;LUIZ FELIPE BALEIA TENUTO ROSSI;BALEIA ROSSI;42;ELEITO POR QP;MASCULINO;Não;B;SUPERIOR COMPLETO;DEPUTADO;Não;1641847.38;208352;
10;SE;SP;PSDB;4551;VANDERLEI MACRIS;VANDERLEI MACRIS;64;ELEITO POR QP;MASCULINO;Não;O;SUPERIOR COMPLETO;DEPUTADO;Não;2357202;148449;
11;SE;SP;PSD;5599;WALTER SHINDI IIHOSHI;WALTER IHOSHI;53;ELEITO POR MÉDIA;MASCULINO;Não;B;SUPERIOR COMPLETO;ADMINISTRADOR;Não;2193309.74;88070;
12;SE;SP;PT;1335;VALMIR PRASCIDELLI;VALMIR PRASCIDELLI;50;ELEITO POR QP;MASCULINO;Não;B;SUPERIOR COMPLETO;OUTROS;Não;1523176.6;84419;
13;SE;SP;PR;2255;MILTON ANTONIO CASQUEL MONTI;MILTON MONTI;53;ELEITO POR QP;MASCULINO;Não;B;SUPERIOR COMPLETO;DEPUTADO;Sim;2973591.44;115942;
14;SE;SP;PSB;4000;LUIZ LAURO FERREIRA FILHO;LUIZ LAURO FILHO;36;ELEITO POR QP;MASCULINO;Não;O;SUPERIOR COMPLETO;PUBLICITµRIO;Não;2989105.81;105247;
15;SE;SP;PTB;1434;NELSON MARQUEZELLI;NELSON MARQUEZELLI;72;ELEITO POR QP;MASCULINO;Não;B;SUPERIOR COMPLETO;DEPUTADO;Sim;2563009.73;112711;
16;SE;SP;PT;1332;JOSE MENTOR GUILHERME DE MELLO NETTO;JOSÉ MENTOR;66;ELEITO POR MÉDIA;MASCULINO;Não;B;SUPERIOR COMPLETO;ADVOGADO;Sim;1802449.33;82368;
17;SE;SP;SD;7777;PAULO PEREIRA DA SILVA;PAULINHO DA FORÇA;58;ELEITO POR QP;MASCULINO;Não;O;ENSINO MÉDIO COMPLETO;OUTROS;Sim;2859448.5;227186;
18;SE;SP;PT;1354;ANDRES NAVARRO SANCHEZ;ANDRES SANCHEZ;50;ELEITO POR QP;MASCULINO;Não;B;ENSINO FUNDAMENTAL COMPLETO;EMPRESµRIO;Não;2134926.67;169834;
19;SE;SP;PSD;5533;RICARDO IZAR JUNIOR;RICARDO IZAR;46;ELEITO POR QP;MASCULINO;Não;B;SUPERIOR COMPLETO;OUTROS;Sim;2198453.67;113547;
20;SE;SP;PRB;1010;ANTONIO CARLOS MARTINS DE BULHåES;ANTONIO BULHåES;46;ELEITO POR QP;MASCULINO;Não;B;SUPERIOR COMPLETO;DEPUTADO;Não;232500.2;137939;
21;SE;SP;PRB;1080;MARCELO SQUASSONI;MARCELO SQUASONI;47;ELEITO POR QP;MASCULINO;Não;B;SUPERIOR COMPLETO;VEREADOR;Não;245873.1;30315;
22;SE;SP;PSB;4030;FLAVIO AUGUSTO DA SILVA;FLAVINHO;42;ELEITO POR MÉDIA;MASCULINO;Não;O;ENSINO FUNDAMENTAL COMPLETO;EMPRESµRIO;Não;102578.41;90437;
23;SE;SP;PT;1321;ANA LUCIA LIPPAUS PERUGINI;ANA PERUGINI;51;ELEITO POR QP;FEMININO;Não;B;SUPERIOR COMPLETO;ADVOGADO;Não;1100485.85;121681;
24;SE;SP;PSD;5555;HERCULANO CASTILHO PASSOS JUNIOR;HERCULANO PASSOS;58;ELEITO POR QP;MASCULINO;Não;B;ENSINO MÉDIO COMPLETO;EMPRESµRIO;Não;3502591.27;92583;
25;SE;SP;PSDB;4517;MARA CRISTINA GABRILLI;MARA GABRILLI;47;ELEITO POR QP;FEMININO;Não;O;SUPERIOR COMPLETO;DEPUTADO;Sim;1641325.23;155143;
26;SE;SP;PR;2299;MARCIO LUIZ ALVINO DE SOUZA;MARCIO ALVINO;45;ELEITO POR QP;MASCULINO;Não;B;SUPERIOR COMPLETO;ADMINISTRADOR;Não;1846372.47;179950;
27;SE;SP;PV;4336;EVANDRO HERRERA BERTONE GUSSI;EVANDRO GUSSI;34;ELEITO POR QP;MASCULINO;Não;O;SUPERIOR COMPLETO;ADVOGADO;Não;455021.98;109591;
28;SE;SP;PDT;1200;SERGIO OLIMPIO GOMES;MAJOR OLIMPIO GOMES;52;ELEITO POR QP;MASCULINO;Não;B;SUPERIOR COMPLETO;DEPUTADO;Não;1008241.81;179196;
29;SE;SP;PSDB;4510;VITOR LIPPI;VITOR LIPPI;55;ELEITO POR QP;MASCULINO;Não;O;SUPERIOR COMPLETO;MÉDICO;Não;810435.96;176153;
30;SE;SP;PTB;1452;ARNALDO FARIA DE Sµ;ARNALDO FARIA DE Sµ;68;ELEITO POR QP;MASCULINO;Não;B;SUPERIOR COMPLETO;DEPUTADO;Não;1925128.97;112940;
31;SE;SP;PRB;1011;SERGIO BAVINI;SERGIO REIS;74;ELEITO POR QP;MASCULINO;Não;B;ENSINO MÉDIO COMPLETO;CANTOR E COMPOSITOR;Não;1603281.89;45330;
32;SE;SP;PR;2277;MIGUEL LOMBARDI;MIGUEL LOMBARDI;50;ELEITO POR MÉDIA;MASCULINO;Não;B;SUPERIOR COMPLETO;CORRETOR DE IMàVEIS. SEGUROS. TÖTULOS E VALORES;Não;195145.51;32080;
33;SE;SP;PSDB;4545;ANTONIO DUARTE NOGUEIRA JUNIOR;DUARTE NOGUEIRA;50;ELEITO POR QP;MASCULINO;Não;O;SUPERIOR COMPLETO;ENGENHEIRO;Sim;4438052.94;254051;
34;SE;SP;DEM;2525;RODRIGO GARCIA;RODRIGO GARCIA;40;ELEITO POR QP;MASCULINO;Não;O;SUPERIOR COMPLETO;DEPUTADO;Sim;2833320.42;336151;
35;SE;SP;PR;2233;PAULO ROBERTO FREIRE DA COSTA;PAULO FREIRE;59;ELEITO POR QP;MASCULINO;Não;B;SUPERIOR COMPLETO;OUTROS;Sim;2527829;111300;
36;SE;SP;PPS;2345;ARNALDO CALIL PEREIRA JARDIM;ARNALDO JARDIM;59;ELEITO POR QP;MASCULINO;Não;O;SUPERIOR COMPLETO;DEPUTADO;Sim;4805922.75;155278;
37;SE;SP;PRB;1085;VINICIUS RAPOZO DE CARVALHO;VINICIUS CARVALHO;48;ELEITO POR QP;MASCULINO;Não;B;SUPERIOR COMPLETO;ADVOGADO;Não;130297.59;80643;
38;SE;SP;PSDB;4500;CARLOS HENRIQUE FOCESI SAMPAIO;CARLOS SAMPAIO;51;ELEITO POR QP;MASCULINO;Não;O;SUPERIOR COMPLETO;DEPUTADO;Sim;3001405.07;295623;
39;SE;SP;PP;1155;JOSE OLÖMPIO SILVEIRA MORAES;MISSIONµRIO JOSÉ OLÖMPIO;57;ELEITO POR QP;MASCULINO;Não;B;SUPERIOR COMPLETO;DEPUTADO;Não;1530437.2;154597;
40;SE;SP;PT;1301;VICENTE CANDIDO DA SILVA;VICENTE C¶NDIDO;54;ELEITO POR QP;MASCULINO;Não;B;SUPERIOR COMPLETO;ADVOGADO;Sim;4058648.54;117652;
41;SE;SP;PSB;4096;IOLANDA KEIKO MIASHIRO OTA;OTA;58;ELEITO POR QP;FEMININO;Não;O;SUPERIOR COMPLETO;DEPUTADO;Sim;556803.16;102963;
42;SE;SP;PT;1353;NILTO IGNµCIO TATTO;NILTO TATTO;51;ELEITO POR QP;MASCULINO;Não;B;SUPERIOR COMPLETO;ADMINISTRADOR;Não;1844860.61;101196;
43;SE;SP;PSDB;4580;SAMUEL MOREIRA DA SILVA JUNIOR;SAMUEL MOREIRA;51;ELEITO POR QP;MASCULINO;Não;O;SUPERIOR COMPLETO;DEPUTADO;Não;2811609.09;227210;
44;SE;SP;PSB;4021;LUIZA ERUNDINA DE SOUSA;LUIZA ERUNDINA;79;ELEITO POR QP;FEMININO;Não;O;SUPERIOR COMPLETO;DEPUTADO;Sim;443600.4;177279;
45;SE;SP;PSDB;4585;BRUNA DIAS FURLAN;BRUNA FURLAN;31;ELEITO POR QP;FEMININO;Não;O;SUPERIOR COMPLETO;DEPUTADO;Sim;2714931.47;178606;
46;SE;SP;PSC;2020;GILBERTO NASCIMENTO SILVA;GILBERTO NASCIMENTO;58;ELEITO POR QP;MASCULINO;Não;O;SUPERIOR COMPLETO;ADVOGADO;Não;774832.83;120044;
47;SE;SP;PSC;2010;MARCO ANTONIO FELICIANO;PASTOR MARCO FELICIANO;41;ELEITO POR QP;MASCULINO;Não;O;SUPERIOR COMPLETO;DEPUTADO;Sim;144222.35;398087;
48;SE;SP;PRB;1078;BENEDITO ROBERTO ALVES FERREIRA;ROBERTO ALVES;54;ELEITO POR QP;MASCULINO;Não;B;SUPERIOR INCOMPLETO;VEREADOR;Não;144899.25;130516;
49;SE;SP;DEM;2513;ALEXANDRE LEITE DA SILVA;ALEXANDRE LEITE;25;ELEITO POR MÉDIA;MASCULINO;Não;O;SUPERIOR INCOMPLETO;DEPUTADO;Sim;4246008.71;109708;
50;SE;SP;PSDB;4540;SILVIO FRANÇA TORRES;SILVIO TORRES;68;ELEITO POR QP;MASCULINO;Não;O;SUPERIOR COMPLETO;DEPUTADO;Não;1960977.03;175310;
51;SE;SP;PPS;2343;ALEX SPINELLI MANENTE;ALEX MANENTE;35;ELEITO POR QP;MASCULINO;Não;O;SUPERIOR COMPLETO;DEPUTADO;Não;1187824.03;164760;
52;SE;SP;PC do B;6565;ORLANDO SILVA DE JESUS JUNIOR;ORLANDO SILVA;43;ELEITO POR QP;MASCULINO;Não;B;SUPERIOR INCOMPLETO;OUTROS;Não;4829300.87;90641;
53;SE;SP;PSDB;4522;JOAO PAULO TAVARES PAPA;PAPA;56;ELEITO POR QP;MASCULINO;Não;O;SUPERIOR COMPLETO;ENGENHEIRO;Não;1278578.76;117590;
54;SE;SP;PRB;1044;PAULO ROBERTO GOMES MANSUR;BETO MANSUR;63;ELEITO POR QP;MASCULINO;Não;B;SUPERIOR COMPLETO;DEPUTADO;Não;1889061.88;31301;
55;SE;SP;PSD;5580;ANTONIO GOULART DOS REIS;GOULART;60;ELEITO POR MÉDIA;MASCULINO;Não;B;ENSINO MÉDIO COMPLETO;VEREADOR;Não;947085.43;92546;
56;SE;SP;PRB;1000;CELSO UBIRAJARA RUSSOMANNO;CELSO RUSSOMANNO;58;ELEITO POR QP;MASCULINO;Sim;B;SUPERIOR COMPLETO;JORNALISTA E REDATOR;Não;1956049.3;1524361;
57;SE;SP;PMDB;1523;EDSON EDINHO COELHO ARAUJO;EDINHO ARAUJO;65;ELEITO POR QP;MASCULINO;Não;B;SUPERIOR COMPLETO;DEPUTADO;Sim;790367.38;112780;
58;SE;SP;PSDB;4567;BRUNO COVAS LOPES;BRUNO COVAS;34;ELEITO POR QP;MASCULINO;Não;O;SUPERIOR COMPLETO;DEPUTADO;Não;3547342.39;352708;
59;SE;SP;PR;2200;JOSE AUGUSTO ROSA;CAPITÇO AUGUSTO;48;ELEITO POR QP;MASCULINO;Não;B;SUPERIOR COMPLETO;POLICIAL MILITAR;Não;204897.5;46905;
60;SE;SP;PSDB;4515;EDUARDO PEDROSA CURY;EDUARDO CURY;51;ELEITO POR QP;MASCULINO;Não;O;SUPERIOR COMPLETO;EMPRESµRIO;Não;497781.6;185638;
61;SE;SP;PT;1370;CARLOS ALBERTO ROLIM ZARATTINI;ZARATTINI;55;ELEITO POR QP;MASCULINO;Não;B;SUPERIOR COMPLETO;ECONOMISTA;Sim;6244292.85;138286;
62;SE;SP;PSDB;4547;MIGUEL MOUBADDA HADDAD;MIGUEL HADDAD;56;ELEITO POR QP;MASCULINO;Não;O;SUPERIOR COMPLETO;EMPRESµRIO;Não;700492.46;168278;
63;SE;SP;PRB;1023;FAUSTO RUY PINATO;FAUSTO PINATO;37;ELEITO POR MÉDIA;MASCULINO;Não;B;SUPERIOR COMPLETO;ADVOGADO;Não;143644.67;22097;
64;SE;SP;PTN;1919;RENATA HELLMEISTER DE ABREU;RENATA ABREU;32;ELEITO POR QP;FEMININO;Não;O;SUPERIOR COMPLETO;EMPRESµRIO;Não;1680070.12;86647;
65;SE;SP;PP;1100;GUILHERME MUSSI FERREIRA;GUILHERME MUSSI;31;ELEITO POR QP;MASCULINO;Não;B;SUPERIOR COMPLETO;EMPRESµRIO;Sim;4070049;156297;
66;SE;SP;PSC;2070;EDUARDO NANTES BOLSONARO;EDUARDO BOLSONARO;30;ELEITO POR MÉDIA;MASCULINO;Não;O;SUPERIOR COMPLETO;SERVIDOR PéBLICO FEDERAL;Não;52661.84;82224;
67;SE;SP;PT;1398;LUIZ PAULO TEIXEIRA FERREIRA;PAULO TEIXEIRA;53;ELEITO POR QP;MASCULINO;Não;B;SUPERIOR COMPLETO;ADVOGADO;Sim;3945479.04;111301;
68;SE;SP;PSOL;5050;IVAN VALENTE;IVAN VALENTE;68;ELEITO POR QP;MASCULINO;Não;O;SUPERIOR COMPLETO;DEPUTADO;Sim;296103.59;168928;
69;SE;SP;PV;4311;SINVAL MALHEIROS PINTO JUNIOR;DR SINVAL MALHEIROS;63;ELEITO POR QP;MASCULINO;Não;O;SUPERIOR COMPLETO;MÉDICO;Sim;399362.43;59362;
70;SE;SP;PSD;5544;JEFFERSON ALVES DE CAMPOS;JEFFERSON CAMPOS;49;ELEITO POR QP;MASCULINO;Não;B;SUPERIOR COMPLETO;DEPUTADO;Sim;653875.42;161790;
71;N;AC;PT;1314;RAIMUNDO ANGELIM VASCONCELOS;ANGELIM;59;ELEITO POR QP;MASCULINO;Não;B;SUPERIOR COMPLETO;PROFESSOR DE ENSINO SUPERIOR;Não;405006.67;39844;
72;N;AC;PSDB;4545;WHERLES FERNANDES DA ROCHA;MAJOR ROCHA;45;ELEITO POR QP;MASCULINO;Não;O;SUPERIOR COMPLETO;DEPUTADO;Não;125638.29;23466;
73;N;AC;PRB;1012;ALAN RICK MIRANDA;ALAN RICK;37;ELEITO POR MÉDIA;MASCULINO;Não;B;SUPERIOR COMPLETO;JORNALISTA E REDATOR;Não;470999.17;17903;
74;N;AC;PSB;4040;CARLOS CESAR CORREIA DE MESSIAS;CÉSAR MESSIAS;56;ELEITO POR QP;MASCULINO;Não;O;ENSINO FUNDAMENTAL INCOMPLETO;OUTROS;Não;336793.13;26448;
75;N;AC;PMDB;1555;FLAVIANO FLµVIO BAPTISTA DE MELO;FLAVIANO MELO;64;ELEITO POR QP;MASCULINO;Não;B;SUPERIOR COMPLETO;DEPUTADO;Não;660588.5;18372;
76;N;AC;PT;1313;SEBASTIÇO SIBµ MACHADO OLIVEIRA;SIBµ MACHADO;56;ELEITO POR QP;MASCULINO;Não;B;SUPERIOR COMPLETO;DEPUTADO;Não;399354.02;18395;
77;N;AC;PMDB;1515;JÉSSICA ROJAS SALES;JÉSSICA SALES;33;ELEITO POR QP;FEMININO;Não;B;SUPERIOR COMPLETO;MÉDICO;Não;321400;20339;
78;N;AC;PT;1331;LEONARDO CUNHA DE BRITO;LÉO DO PT;35;ELEITO POR QP;MASCULINO;Não;B;SUPERIOR COMPLETO;ADVOGADO;Não;737073;20876;
79;NE;AL;PMDB;1515;MARX BELTRÇO LIMA SIQUEIRA;MARX BELTRÇO;34;ELEITO POR QP;MASCULINO;Não;B;SUPERIOR COMPLETO;ADVOGADO;Não;1262000;123317;
80;NE;AL;PRTB;2800;JOSE CICERO SOARES DE ALMEIDA;CICERO ALMEIDA;56;ELEITO POR QP;MASCULINO;Não;N;ENSINO MÉDIO COMPLETO;EMPRESµRIO;Não;362655.22;64435;
81;NE;AL;SD;7777;JOÇO HENRIQUE HOLANDA CALDAS;JHC;27;ELEITO POR QP;MASCULINO;Não;O;SUPERIOR COMPLETO;DEPUTADO;Não;763500;135929;
82;NE;AL;PROS;9090;GIVALDO DE Sµ GOUVEIA CARIMBÇO;GIVALDO CARIMBÇO;56;ELEITO POR QP;MASCULINO;Não;B;ENSINO FUNDAMENTAL INCOMPLETO;DEPUTADO;Não;1326148.6;82582;
83;NE;AL;PP;1111;ARTHUR CESAR PEREIRA DE LIRA;ARTHUR LIRA;45;ELEITO POR QP;MASCULINO;Não;B;SUPERIOR COMPLETO;DEPUTADO;Sim;1451276.56;98231;
84;NE;AL;PR;2266;MAURÖCIO QUINTELLA MALTA LESSA;MAURICIO QUINTELLA;43;ELEITO POR QP;MASCULINO;Não;B;SUPERIOR COMPLETO;DEPUTADO;Não;2281353.44;76706;
85;NE;AL;PSDB;4545;PEDRO TORRES BRANDÇO VILELA;PEDRO VILELA;29;ELEITO POR QP;MASCULINO;Não;O;SUPERIOR COMPLETO;ADVOGADO;Não;1346348.51;119582;
86;NE;AL;PT;1313;PAULO FERNANDO DOS SANTOS;PAULÇO;57;ELEITO POR MÉDIA;MASCULINO;Não;B;SUPERIOR COMPLETO;DEPUTADO;Não;525800;53284;
87;NE;AL;PDT;1212;RONALDO AUGUSTO LESSA SANTOS;RONALDO LESSA;65;ELEITO POR QP;MASCULINO;Não;B;SUPERIOR COMPLETO;ENGENHEIRO;Não;1832060.11;88125;
88;N;AM;PP;1122;MARIA DA CONCEIÇÇO SAMPAIO MOURA;CONCEIÇÇO SAMPAIO;48;ELEITO POR QP;FEMININO;Não;B;SUPERIOR INCOMPLETO;DEPUTADO;Não;1345909.33;71878;
89;N;AM;PMDB;1515;MARCOS SERGIO ROTTA;MARCOS ROTTA;47;ELEITO POR QP;MASCULINO;Não;B;SUPERIOR COMPLETO;DEPUTADO;Não;1122939.57;117955;
90;N;AM;PSD;5555;SILAS CAMARA;SILAS CAMARA;51;ELEITO POR QP;MASCULINO;Não;B;SUPERIOR COMPLETO;DEPUTADO;Sim;1063684.5;166281;
91;N;AM;PSDB;4545;ARTHUR VIRGILIO DO CARMO RIBEIRO BISNETO;ARTUR BISNETO;35;ELEITO POR QP;MASCULINO;Não;O;ENSINO MÉDIO COMPLETO;DEPUTADO;Não;5637809.06;250916;
92;N;AM;DEM;2525;PAUDERNEY TOMAZ AVELINO;PAUDERNEY;60;ELEITO POR QP;MASCULINO;Não;O;SUPERIOR COMPLETO;DEPUTADO;Sim;2023824.23;103904;
93;N;AM;PPS;2323;HISSA NAGIB ABRAHÇO FILHO;HISSA ABRAHÇO;34;ELEITO POR QP;MASCULINO;Não;O;SUPERIOR COMPLETO;EMPRESµRIO;Não;1553898.47;113646;
94;N;AM;PSD;5525;ATILA SIDNEY LINS DE ALBUQUERQUE;ATILA LINS;63;ELEITO POR MÉDIA;MASCULINO;Não;B;SUPERIOR COMPLETO;DEPUTADO;Sim;707561.5;89453;
95;N;AM;PR;2222;ALFREDO PEREIRA DO NASCIMENTO;ALFREDO NASCIMENTO;62;ELEITO POR QP;MASCULINO;Não;B;SUPERIOR COMPLETO;SENADOR;Não;2865772.16;120060;
96;NE;BA;PT;1322;WALDENOR ALVES PEREIRA FILHO;WALDENOR PEREIRA;60;ELEITO POR QP;MASCULINO;Não;B;SUPERIOR COMPLETO;DEPUTADO;Sim;484769.53;114965;
97;NE;BA;PTN;1919;JOAO CARLOS BACELAR BATISTA;JOAO CARLOS BACELAR;57;ELEITO POR QP;MASCULINO;Não;O;SUPERIOR COMPLETO;DEPUTADO;Não;382654;95158;
98;NE;BA;PTC;3637;ULDURICO ALENCAR PINTO;ULDURICO JUNIOR;22;ELEITO POR QP;MASCULINO;Não;O;SUPERIOR INCOMPLETO;AGRICULTOR;Não;149074.63;39904;
99;NE;BA;DEM;2522;CLAUDIO CAJADO SAMPAIO;CLAUDIO CAJADO;50;ELEITO POR QP;MASCULINO;Não;O;SUPERIOR COMPLETO;DEPUTADO;Sim;1901580;89118;
100;NE;BA;DEM;2552;ELMAR JOSÉ VIEIRA NASCIMENTO;ELMAR;44;ELEITO POR QP;MASCULINO;Não;O;SUPERIOR COMPLETO;DEPUTADO;Não;994630.27;88334;
101;NE;BA;PSD;5580;SERGIO LUIS LACERDA BRITO;SÉRGIO BRITO;53;ELEITO POR QP;MASCULINO;Não;B;SUPERIOR COMPLETO;DEPUTADO;Sim;283642.79;83658;
102;NE;BA;PP;1144;RONALDO CARLETTO;RONALDO CARLETTO;54;ELEITO POR QP;MASCULINO;Não;B;ENSINO MÉDIO COMPLETO;EMPRESµRIO;Não;905754.99;148628;
103;NE;BA;PDT;1234;FELIX DE ALMEIDA MENDONÇA JUNIOR;FELIX JR;50;ELEITO POR QP;MASCULINO;Não;B;SUPERIOR COMPLETO;OUTROS;Não;1204333.27;130583;
104;NE;BA;PSB;4013;ADALBERTO SOUZA GALVAO;BEBETO;52;ELEITO POR QP;MASCULINO;Não;O;SUPERIOR INCOMPLETO;OUTROS;Não;440435.14;96134;
105;NE;BA;PSD;5529;PAULO SERGIO PARANHOS DE MAGALHÇES;PAULO MAGALHÇES;61;ELEITO POR QP;MASCULINO;Não;B;SUPERIOR INCOMPLETO;DEPUTADO;Não;398202.44;77045;
106;NE;BA;PSC;2020;ANTONIO LAZARO SILVA;IRMÇO LAZARO;47;ELEITO POR QP;MASCULINO;Não;O;ENSINO MÉDIO COMPLETO;MéSICO;Não;304005;161438;
107;NE;BA;PC do B;6565;DANIEL GOMES DE ALMEIDA;DANIEL ALMEIDA;59;ELEITO POR QP;MASCULINO;Não;B;SUPERIOR INCOMPLETO;OUTROS;Sim;1402598.9;135382;
108;NE;BA;PMDB;1518;LUCIO QUADROS VIEIRA LIMA;LUCIO VIEIRA LIMA;51;ELEITO POR QP;MASCULINO;Não;B;SUPERIOR COMPLETO;DEPUTADO;Sim;2424750;222164;
109;NE;BA;DEM;2526;PAULO VELLOSO DANTAS AZI;PAULO AZI;51;ELEITO POR QP;MASCULINO;Não;O;SUPERIOR COMPLETO;DEPUTADO;Não;1813487.69;110662;
110;NE;BA;PT;1301;AFONSO BANDEIRA FLORENCE;AFONSO FLORENCE;53;ELEITO POR QP;MASCULINO;Não;B;SUPERIOR COMPLETO;DEPUTADO;Sim;549303.22;82661;
111;NE;BA;PRB;1010;MµRCIO CARLOS MARINHO;MµRCIO MARINHO;43;ELEITO POR QP;MASCULINO;Não;B;SUPERIOR COMPLETO;DEPUTADO;Não;152361.15;117470;
112;NE;BA;PRB;1012;ERONILDES VASCONCELOS CARVALHO;TIA ERON;42;ELEITO POR QP;FEMININO;Não;B;ENSINO MÉDIO COMPLETO;VEREADOR;Não;177139.95;116912;
113;NE;BA;SD;7712;ARTHUR DE OLIVEIRA MAIA DA SILVA;ARTHUR MAIA;50;ELEITO POR QP;MASCULINO;Não;O;SUPERIOR COMPLETO;DEPUTADO;Sim;3793210;95698;
114;NE;BA;PR;2222;JOSÉ ALVES ROCHA;JOSÉ ROCHA;66;ELEITO POR QP;MASCULINO;Não;B;SUPERIOR COMPLETO;MÉDICO;Não;1151015.24;101663;
115;NE;BA;PP;1123;ROBERTO PEREIRA DE BRITTO;ROBERTO BRITTO;63;ELEITO POR QP;MASCULINO;Não;B;SUPERIOR COMPLETO;MÉDICO;Sim;1247820.85;110822;
116;NE;BA;PT;1346;NELSON VICENTE PORTELA PELLEGRINO;PELEGRINO;53;ELEITO POR QP;MASCULINO;Não;B;SUPERIOR COMPLETO;DEPUTADO;Sim;1580826.96;111252;
117;NE;BA;PSDB;4545;JUTAHY MAGALHÇES JUNIOR;JUTAHY MAGALHÇES;58;ELEITO POR QP;MASCULINO;Não;O;SUPERIOR COMPLETO;DEPUTADO;Não;3798963.2;108476;
118;NE;BA;PSDB;4567;JOÇO GUALBERTO VASCONCELOS;JOÇO GUALBERTO;56;ELEITO POR QP;MASCULINO;Não;O;SUPERIOR COMPLETO;EMPRESµRIO;Não;2854345.51;117671;
119;NE;BA;PSC;2012;ERIVELTON LIMA SANTANA;ERIVELTON SANTANA;49;ELEITO POR MÉDIA;MASCULINO;Não;O;SUPERIOR INCOMPLETO;DEPUTADO;Sim;248930.84;74836;
120;NE;BA;PR;2288;JOÇO CARLOS PAOLILO BACELAR FILHO;JOÇO BACELAR;41;ELEITO POR QP;MASCULINO;Não;B;SUPERIOR COMPLETO;EMPRESµRIO;Não;1878332.48;111643;
121;NE;BA;PSD;5577;JOSÉ NUNES SOARES;JOSÉ NUNES;63;ELEITO POR QP;MASCULINO;Não;B;SUPERIOR COMPLETO;DEPUTADO;Não;461799.22;105776;
122;NE;BA;PSDB;4555;ANTONIO JOSÉ IMBASSAHY DA SILVA;IMBASSAHY;66;ELEITO POR QP;MASCULINO;Não;O;SUPERIOR COMPLETO;DEPUTADO;Não;2896692.31;120479;
123;NE;BA;PT;1363;MOEMA ISABEL PASSOS GRAMACHO;MOEMA GRAMACHO;56;ELEITO POR QP;FEMININO;Não;B;SUPERIOR COMPLETO;BIàLOGO;Não;584383.3;81414;
124;NE;BA;PT;1313;JORGE JOSÉ SANTOS PEREIRA SOLLA;JORGE SOLLA;53;ELEITO POR QP;MASCULINO;Não;B;SUPERIOR COMPLETO;MÉDICO;Não;1136899.76;125159;
125;NE;BA;PT;1312;JOSIAS GOMES DA SILVA;JOSIAS GOMES;57;ELEITO POR QP;MASCULINO;Não;B;SUPERIOR COMPLETO;DEPUTADO;Sim;653282.39;98871;
126;NE;BA;PT;1310;VALMIR CARLOS DA ASSUNÇÇO;VALMIR ASSUNÇÇO;49;ELEITO POR QP;MASCULINO;Não;B;ENSINO FUNDAMENTAL COMPLETO;DEPUTADO;Não;797796.35;123284;
127;NE;BA;PC do B;6522;ALICE MAZZUCO PORTUGAL;ALICE PORTUGAL;55;ELEITO POR QP;FEMININO;Não;B;SUPERIOR COMPLETO;DEPUTADO;Sim;1032067.23;72682;
128;NE;BA;PT;1300;LUIZ CARLOS CAETANO;CAETANO;60;ELEITO POR QP;MASCULINO;Não;B;SUPERIOR COMPLETO;FARMACÒUTICO;Não;2933087.31;125862;
129;NE;BA;PTB;1410;ANTONIO LUIZ PARANHOS RIBEIRO LEITE DE BRITO;ANTONIO BRITO;45;ELEITO POR QP;MASCULINO;Não;B;SUPERIOR COMPLETO;DEPUTADO;Sim;1293228.98;159840;
130;NE;BA;PP;1115;CARLOS FELIPE VAZQUEZ DE SOUZA LEÇO;CACµ LEÇO;34;ELEITO POR QP;MASCULINO;Não;B;SUPERIOR COMPLETO;ADMINISTRADOR;Não;2094970.72;125605;
131;NE;BA;PSD;5500;JOSÉ CARLOS LEÇO DE ARAUJO;JOSÉ CARLOS ARAUJO;69;ELEITO POR MÉDIA;MASCULINO;Não;B;SUPERIOR INCOMPLETO;DEPUTADO;Não;1225075.56;72013;
132;NE;BA;PTB;1400;BENITO DA GAMA SANTOS;BENITO GAMA;66;ELEITO POR MÉDIA;MASCULINO;Não;B;SUPERIOR COMPLETO;ECONOMISTA;Não;5979284.14;71372;
133;NE;BA;PP;1111;MµRIO SÖLVIO MENDES NEGROMONTE JéNIOR;MµRIO NEGROMONTE JR;34;ELEITO POR QP;MASCULINO;Não;B;SUPERIOR COMPLETO;ADVOGADO;Não;1607840.05;169215;
134;NE;BA;DEM;2555;JOSÉ CARLOS ALELUIA COSTA;ALELUIA;66;ELEITO POR QP;MASCULINO;Não;O;SUPERIOR COMPLETO;OUTROS;Não;3523080;101924;
135;NE;CE;PTB;1451;JOSE ARNON CRUZ BEZERRA DE MENEZES;ARNON BEZERRA;63;ELEITO POR MÉDIA;MASCULINO;Não;B;SUPERIOR COMPLETO;DEPUTADO;Sim;426457.51;84474;
136;NE;CE;PMDB;1590;VITOR PEREIRA VALIM;VITOR VALIM;36;ELEITO POR MÉDIA;MASCULINO;Não;B;SUPERIOR INCOMPLETO;JORNALISTA E REDATOR;Não;322452.19;92499;
137;NE;CE;PHS;3131;JOSE ADAIL CARNEIRO SILVA;ADAIL CARNEIRO;51;ELEITO POR QP;MASCULINO;Não;O;ENSINO MÉDIO COMPLETO;EMPRESµRIO;Não;685357.51;113885;
138;NE;CE;PMDB;1500;ANIBAL FERREIRA GOMES;ANIBAL;61;ELEITO POR QP;MASCULINO;Não;B;SUPERIOR COMPLETO;DEPUTADO;Sim;229600;173736;
139;NE;CE;PT;1331;LUIZ ODORICO MONTEIRO DE ANDRADE;ODORICO;53;ELEITO POR QP;MASCULINO;Não;B;SUPERIOR COMPLETO;PROFESSOR DE ENSINO SUPERIOR;Não;780165.01;121640;
140;NE;CE;PT;1333;JOSE AIRTON FELIX CIRILO DA SILVA;JOSÉ AIRTON;57;ELEITO POR QP;MASCULINO;Não;B;SUPERIOR COMPLETO;ADVOGADO;Sim;431018.82;94056;
141;NE;CE;PDT;1234;ANDRE PEIXOTO FIGUEIREDO LIMA;ANDRÉ FIGUEIREDO;47;ELEITO POR QP;MASCULINO;Não;B;SUPERIOR COMPLETO;ECONOMISTA;Sim;1040950;125360;
142;NE;CE;PSL;1777;JOSE MARIA MACEDO JUNIOR;MACEDO;54;ELEITO POR QP;MASCULINO;Não;O;SUPERIOR INCOMPLETO;INDUSTRIAL;Não;1021000;107734;
143;NE;CE;PT;1322;JOSE NOBRE GUIMARÇES;JOSÉ GUIMARÇES;55;ELEITO POR QP;MASCULINO;Não;B;SUPERIOR COMPLETO;ADVOGADO;Não;1610171.3;209032;
144;NE;CE;PROS;9099;JOSE LEONIDAS DE MENEZES CRISTINO;LEONIDAS CRISTINO;57;ELEITO POR QP;MASCULINO;Não;B;SUPERIOR COMPLETO;ENGENHEIRO;Não;1281456.84;91085;
145;NE;CE;SD;7777;GENECIAS MATEUS NORONHA;GENECIAS NORONHA;51;ELEITO POR QP;MASCULINO;Não;O;ENSINO MÉDIO COMPLETO;DEPUTADO;Sim;822660;221567;
146;NE;CE;PRB;1010;RONALDO MANCHADO MARTINS;RONALDO MARTINS;36;ELEITO POR QP;MASCULINO;Não;B;ENSINO MÉDIO COMPLETO;DEPUTADO;Não;1300757.51;117930;
147;NE;CE;PT;1313;LUIZIANNE DE OLIVEIRA LINS;LUIZIANNE LINS;45;ELEITO POR QP;FEMININO;Não;B;SUPERIOR COMPLETO;PROFESSOR DE ENSINO SUPERIOR;Não;732340.45;130717;
148;NE;CE;PPS;2323;MOSES HAENDEL MELO RODRIGUES;MOSES RODRIGUES;36;ELEITO POR QP;MASCULINO;Não;O;SUPERIOR COMPLETO;EMPRESµRIO;Não;629806.84;147044;
149;NE;CE;PMDB;1513;FRANCISCO DANILO BASTOS FORTE;DANILO FORTE;56;ELEITO POR QP;MASCULINO;Não;B;SUPERIOR COMPLETO;DEPUTADO;Sim;2476971.68;180157;
150;NE;CE;PC do B;6565;FRANCISCO LOPES DA SILVA;CHICO LOPES;75;ELEITO POR MÉDIA;MASCULINO;Não;B;SUPERIOR COMPLETO;DEPUTADO;Sim;1643012.52;80578;
151;NE;CE;PROS;9090;DOMINGOS GOMES DE AGUIAR NETO;DOMINGOS NETO;26;ELEITO POR QP;MASCULINO;Não;B;SUPERIOR INCOMPLETO;DEPUTADO;Sim;917857.51;185226;
152;NE;CE;PR;2233;MARIA GORETE PEREIRA;GORETE PEREIRA;62;ELEITO POR QP;FEMININO;Não;B;SUPERIOR COMPLETO;FISIOTERAPEUTA E TERAPEUTA OCUPACIONAL;Sim;1470590;130983;
153;NE;CE;PSDB;4511;RAIMUNDO GOMES DE MATOS;RAIMUNDO MATOS;63;ELEITO POR QP;MASCULINO;Não;O;SUPERIOR COMPLETO;DEPUTADO;Sim;866101.4;95145;
154;NE;CE;PR;2290;FLAVIO ALVES SABINO;CABO SABINO;43;ELEITO POR QP;MASCULINO;Não;B;ENSINO MÉDIO COMPLETO;CORRETOR DE IMàVEIS. SEGUROS. TÖTULOS E VALORES;Não;122176.4;120485;
155;NE;CE;PROS;9000;ANTONIO BALHMANN CARDOSO NUNES FILHO;BALMAN;65;ELEITO POR QP;MASCULINO;Não;B;SUPERIOR COMPLETO;ENGENHEIRO;Sim;2273057.51;87666;
156;NE;CE;DEM;2525;MORONI BING TORGAN;MORONI;58;ELEITO POR QP;MASCULINO;Não;O;SUPERIOR COMPLETO;SERVIDOR PéBLICO CIVIL APOSENTADO;Não;1118282.48;277774;
157;SE;ES;SD;7777;CARLOS HUMBERTO MANNATO;MANATO;57;ELEITO POR MÉDIA;MASCULINO;Não;O;SUPERIOR COMPLETO;DEPUTADO;Sim;859482.58;67631;
158;SE;ES;PDT;1212;ANTONIO SERGIO ALVES VIDIGAL;SERGIO VIDIGAL;57;ELEITO POR QP;MASCULINO;Não;B;SUPERIOR COMPLETO;MÉDICO;Não;1312637.41;161744;
159;SE;ES;PP;1145;MARCUS ANTâNIO VICENTE;MARCUS VICENTE;60;ELEITO POR MÉDIA;MASCULINO;Não;B;SUPERIOR COMPLETO;REPRESENTANTE COMERCIAL;Não;1426575.74;45525;
160;SE;ES;PROS;9090;JORGE SILVA;DR. JORGE SILVA;62;ELEITO POR QP;MASCULINO;Não;B;SUPERIOR COMPLETO;MÉDICO;Sim;486755.54;69880;
161;SE;ES;PT;1320;GIVALDO VIEIRA DA SILVA;GIVALDO;44;ELEITO POR MÉDIA;MASCULINO;Não;B;SUPERIOR COMPLETO;ADVOGADO;Não;650692.52;50928;
162;SE;ES;PV;4343;EVAIR VIEIRA DE MELO;EVAIR DE MELO;42;ELEITO POR QP;MASCULINO;Não;O;SUPERIOR COMPLETO;TÉCNICO EM AGRONOMIA E AGRIMENSURA;Não;303216.25;48829;
163;SE;ES;PSB;4040;PAULO ROBERTO FOLETTO;FOLETTO;58;ELEITO POR QP;MASCULINO;Não;O;SUPERIOR COMPLETO;MÉDICO;Sim;623126.62;88110;
164;SE;ES;PT;1350;HELDER IGNACIO SALOMAO;HELDER SALOMAO;50;ELEITO POR QP;MASCULINO;Não;B;SUPERIOR COMPLETO;PROFESSOR DE ENSINO SUPERIOR;Não;441632.57;83967;
165;SE;ES;PSDB;4500;MAX FREITAS MAURO FILHO;MAX FILHO;46;ELEITO POR QP;MASCULINO;Não;O;SUPERIOR COMPLETO;SERVIDOR PéBLICO FEDERAL;Não;537859.26;91210;
166;SE;ES;PMDB;1515;WELINGTON COIMBRA;LELO COIMBRA;60;ELEITO POR QP;MASCULINO;Não;B;SUPERIOR COMPLETO;MÉDICO;Sim;2237582.62;94759;
167;CO;GO;PSDB;4555;ALEXANDRE BALDY DE SANT'ANNA BRAGA;ALEXANDRE BALDY;34;ELEITO POR QP;MASCULINO;Não;O;SUPERIOR COMPLETO;INDUSTRIAL;Não;5484143.06;107544;
168;CO;GO;PDT;1212;FLAVIA CARREIRO ALBUQUERQUE MORAIS;FLAVIA MORAIS;45;ELEITO POR QP;FEMININO;Não;B;SUPERIOR COMPLETO;DEPUTADO;Sim;957607.54;159122;
169;CO;GO;PSD;5545;THIAGO MELLO PEIXOTO DA SILVEIRA;THIAGO PEIXOTO;40;ELEITO POR MÉDIA;MASCULINO;Não;B;SUPERIOR COMPLETO;DEPUTADO;Sim;2285068.21;79666;
170;CO;GO;PSD;5500;HEULER ABREU CRUVINEL;HEULER CRUVINEL;36;ELEITO POR QP;MASCULINO;Não;B;SUPERIOR COMPLETO;DEPUTADO;Sim;3488196.74;90877;
171;CO;GO;PSDB;4545;GIUSEPPE VECCI;GIUSEPPE VECCI;57;ELEITO POR QP;MASCULINO;Não;O;SUPERIOR COMPLETO;ECONOMISTA;Não;2506578;120283;
172;CO;GO;PTB;1414;JOVAIR OLIVEIRA ARANTES;JOVAIR ARANTES;63;ELEITO POR QP;MASCULINO;Não;B;SUPERIOR COMPLETO;DEPUTADO;Não;1502587.02;92945;
173;CO;GO;PMDB;1510;DANIEL ELIAS CARVALHO VILELA;DANIEL VILELA;30;ELEITO POR QP;MASCULINO;Não;B;SUPERIOR COMPLETO;DEPUTADO;Não;4012526.2;179214;
174;CO;GO;PSDB;4578;FµBIO FERNANDES DE SOUSA;FµBIO SOUSA;32;ELEITO POR MÉDIA;MASCULINO;Não;O;SUPERIOR COMPLETO;DEPUTADO;Não;1414044;82204;
175;CO;GO;PSDB;4599;CÉLIO ANTâNIO DA SILVEIRA;CÉLIO SILVEIRA;55;ELEITO POR QP;MASCULINO;Não;O;SUPERIOR COMPLETO;MÉDICO;Não;1911765.11;110992;
176;CO;GO;PMDB;1580;PEDRO PINHEIRO CHAVES;PEDRO CHAVES;56;ELEITO POR QP;MASCULINO;Não;B;SUPERIOR COMPLETO;DEPUTADO;Sim;1064350;77925;
177;CO;GO;PT;1313;RUBENS OTONI GOMIDE;RUBENS OTONI;58;ELEITO POR QP;MASCULINO;Não;B;SUPERIOR COMPLETO;DEPUTADO;Sim;1091442.41;115874;
178;CO;GO;PSDB;4565;JOAO CAMPOS DE ARAUJO;JOAO CAMPOS;51;ELEITO POR QP;MASCULINO;Não;O;SUPERIOR COMPLETO;DEPUTADO;Sim;1218219.6;107344;
179;CO;GO;PP;1105;ROBERTO EGIDIO BALESTRA;ROBERTO BALESTRA;70;ELEITO POR QP;MASCULINO;Não;B;SUPERIOR COMPLETO;DEPUTADO;Sim;2943999.22;85534;
180;CO;GO;PR;2222;MAGDA MOFATTO HON;MAGDA MOFATTO;65;ELEITO POR QP;FEMININO;Não;B;ENSINO FUNDAMENTAL INCOMPLETO;DEPUTADO;Não;4565423;118458;
181;CO;GO;PPS;2345;MARCOS ABRAO RORIZ SOARES DE CARVALHO;MARCOS ABRÇO;43;ELEITO POR QP;MASCULINO;Não;O;SUPERIOR COMPLETO;ECONOMISTA;Não;5526035.9;92347;
182;CO;GO;PSDB;4500;WALDIR SOARES DE OLIVEIRA;DELEGADO WALDIR;51;ELEITO POR QP;MASCULINO;Sim;O;ENSINO MÉDIO COMPLETO;POLICIAL CIVIL;Não;373249.72;274625;
183;CO;GO;SD;7777;LUCAS DE CASTRO SANTOS;LUCAS VERGÖLIO;27;ELEITO POR QP;MASCULINO;Não;O;SUPERIOR COMPLETO;CORRETOR DE IMàVEIS. SEGUROS. TÖTULOS E VALORES;Não;2222031.6;78387;
184;SE;MG;PMN;3333;D¶MINA DE CARVALHO PEREIRA;D¶MINA PEREIRA;61;ELEITO POR QP;FEMININO;Não;O;ENSINO MÉDIO COMPLETO;EMPRESµRIO;Não;3395427.85;53986;
185;SE;MG;SD;7777;JOSÉ SILVA SOARES;ZÉ SILVA;51;ELEITO POR QP;MASCULINO;Não;O;SUPERIOR COMPLETO;DEPUTADO;Não;1418428.18;115135;
186;SE;MG;PR;2245;OLAVO BILAC PINTO NETO;BILAC PINTO;51;ELEITO POR QP;MASCULINO;Não;B;SUPERIOR COMPLETO;DEPUTADO;Sim;2090314.57;128228;
187;SE;MG;PT;1311;GABRIEL GUIMARÇES DE ANDRADE;GABRIEL GUIMARÇES;31;ELEITO POR QP;MASCULINO;Não;B;SUPERIOR COMPLETO;DEPUTADO;Não;2489317.96;204851;
188;SE;MG;PT;1350;ADELMO CARNEIRO LEAO;ADELMO LEAO;65;ELEITO POR MÉDIA;MASCULINO;Não;B;SUPERIOR COMPLETO;DEPUTADO;Não;918731.74;58901;
189;SE;MG;PR;2233;LINCOLN DINIZ PORTELA;LINCOLN PORTELA;60;ELEITO POR QP;MASCULINO;Não;B;SUPERIOR INCOMPLETO;DEPUTADO;Sim;1629742.03;103287;
190;SE;MG;PSB;4010;SÉRGIO LUCIO DE ALMEIDA;TENENTE LéCIO;54;ELEITO POR MÉDIA;MASCULINO;Não;O;SUPERIOR COMPLETO;DEPUTADO;Não;998330.88;74791;
191;SE;MG;PSD;5545;MARCOS MONTES CORDEIRO;MARCOS MONTES;65;ELEITO POR QP;MASCULINO;Não;B;SUPERIOR COMPLETO;DEPUTADO;Sim;3180491.28;126330;
192;SE;MG;PT;1363;JOSE LEONARDO COSTA MONTEIRO;LEONARDO MONTEIRO;62;ELEITO POR QP;MASCULINO;Não;B;SUPERIOR COMPLETO;DEPUTADO;Sim;1267482.43;118739;
193;SE;MG;PT;1391;WELITON FERNANDES PRADO;WELITON PRADO;39;ELEITO POR QP;MASCULINO;Não;B;SUPERIOR COMPLETO;DEPUTADO;Sim;1997252.86;190310;
194;SE;MG;PSD;5555;DIEGO LEONARDO DE ANDRADE CARVALHO;DIEGO ANDRADE;37;ELEITO POR QP;MASCULINO;Não;B;SUPERIOR COMPLETO;DEPUTADO;Sim;1339009.63;116429;
195;SE;MG;PC do B;6565;MARIA DO SOCORRO Jâ MORAES;Jâ MORAES;68;ELEITO POR MÉDIA;FEMININO;Não;B;SUPERIOR INCOMPLETO;SERVIDOR PéBLICO FEDERAL;Não;896646.94;78425;
196;SE;MG;PSB;4050;JULIO CESAR DELGADO;JULIO DELGADO;47;ELEITO POR QP;MASCULINO;Não;O;SUPERIOR COMPLETO;DEPUTADO;Sim;1760853.34;86519;
197;SE;MG;PRB;1010;GEORGE HILTON DOS SANTOS CECILIO;GEORGE HILTON;43;ELEITO POR QP;MASCULINO;Não;B;SUPERIOR COMPLETO;DEPUTADO;Sim;496929.77;150330;
198;SE;MG;PT;1312;REGINALDO LµZARO DE OLIVEIRA LOPES;REGINALDO LOPES;41;ELEITO POR QP;MASCULINO;Sim;B;SUPERIOR COMPLETO;DEPUTADO;Não;4503489.08;328933;
199;SE;MG;PSDB;4535;EDUARDO LUIZ BARROS BARBOSA;EDUARDO BARBOSA;56;ELEITO POR QP;MASCULINO;Não;O;SUPERIOR COMPLETO;DEPUTADO;Sim;520953.75;133381;
200;SE;MG;PT;1333;PATRUS ANANIAS DE SOUSA;PATRUS ANANIAS;62;ELEITO POR QP;MASCULINO;Não;B;SUPERIOR COMPLETO;SERVIDOR PéBLICO ESTADUAL;Não;1424880.63;149547;
201;SE;MG;PP;1199;ODELMO LEÇO CARNEIRO SOBRINHO;ODELMO LEÇO;68;ELEITO POR QP;MASCULINO;Não;B;ENSINO MÉDIO INCOMPLETO;PECUARISTA;Não;1066172;179691;
202;SE;MG;PSC;2010;TANIA RAQUEL DE QUEIROZ MUNIZ;RAQUEL MUNIZ;51;ELEITO POR QP;FEMININO;Não;O;SUPERIOR COMPLETO;MÉDICO;Não;3430462.63;99221;
203;SE;MG;PDT;1231;LUIZ GONZAGA RIBEIRO;SUB-TENENTE GONZAGA;52;ELEITO POR QP;MASCULINO;Não;B;ENSINO MÉDIO COMPLETO;DEPUTADO;Não;259584.28;98263;
204;SE;MG;PT;1330;MIGUEL CORREA DA SILVA JUNIOR;MIGUEL CORREA;36;ELEITO POR QP;MASCULINO;Não;B;SUPERIOR COMPLETO;DEPUTADO;Sim;2789735.1;95023;
205;SE;MG;PSDB;4520;CAIO NARCIO RODRIGUES DA SILVEIRA;CAIO NARCIO;28;ELEITO POR QP;MASCULINO;Não;O;SUPERIOR COMPLETO;OUTROS;Não;4053221.63;102466;
206;SE;MG;DEM;2505;MISAEL ARTUR FERREIRA VARELLA;MISAEL VARELLA;54;ELEITO POR QP;MASCULINO;Não;O;SUPERIOR COMPLETO;EMPRESµRIO;Não;1561188.04;265444;
207;SE;MG;PMDB;1511;MAURO RIBEIRO LOPES;MAURO LOPES;78;ELEITO POR QP;MASCULINO;Não;B;SUPERIOR COMPLETO;DEPUTADO;Sim;3158428.85;138146;
208;SE;MG;PMDB;1590;JOSÉ SARAIVA FELIPE;SARAIVA FELIPE;62;ELEITO POR QP;MASCULINO;Não;B;SUPERIOR COMPLETO;MÉDICO;Não;4191124.06;117720;
209;SE;MG;PR;2222;AELTON JOSÉ DE FREITAS;AELTON FREITAS;52;ELEITO POR QP;MASCULINO;Não;B;SUPERIOR INCOMPLETO;DEPUTADO;Não;1817657.03;92782;
210;SE;MG;PTC;3645;BRUNIELE FERREIRA DA SILVA;BRUNNY;25;ELEITO POR MÉDIA;FEMININO;Não;O;SUPERIOR COMPLETO;OUTROS;Não;1590524.47;46430;
211;SE;MG;PSDB;4566;BONIFµCIO JOSÉ TAMM DE ANDRADA;BONIFµCIO ANDRADA;84;ELEITO POR MÉDIA;MASCULINO;Não;O;SUPERIOR COMPLETO;DEPUTADO;Não;1207081.2;86100;
212;SE;MG;PSD;5550;JAIME MARTINS FILHO;JAIMINHO MARTINS;61;ELEITO POR QP;MASCULINO;Não;B;SUPERIOR COMPLETO;EMPRESµRIO;Sim;1796009.48;161214;
213;SE;MG;PTN;1907;EDSON MOREIRA DA SILVA;DELEGADO EDSON MOREIRA;55;ELEITO POR QP;MASCULINO;Não;O;SUPERIOR COMPLETO;VEREADOR;Não;184373.69;51450;
214;SE;MG;PRP;4433;MARCELO HENRIQUE TEIXEIRA DIAS;MARCELO ALVARO ANTONIO;40;ELEITO POR QP;MASCULINO;Não;O;ENSINO MÉDIO COMPLETO;EMPRESµRIO;Não;890156.1;60589;
215;SE;MG;PTB;1433;EROS FERREIRA BIONDINI;EROS BIONDINI;43;ELEITO POR QP;MASCULINO;Não;B;SUPERIOR COMPLETO;DEPUTADO;Sim;776009.15;182231;
216;SE;MG;PT;1314;MARIA MARGARIDA MARTINS SALOMÇO;MARGARIDA SALOMÇO;64;ELEITO POR QP;FEMININO;Não;B;SUPERIOR COMPLETO;DEPUTADO;Não;310992.86;80592;
217;SE;MG;PSDB;4555;MARCUS VINICIUS CAETANO PESTANA DA SILVA;MARCUS PESTANA;54;ELEITO POR QP;MASCULINO;Não;O;SUPERIOR COMPLETO;DEPUTADO;Sim;2499271.96;148114;
218;SE;MG;PT do B;7070;LUIS HENRIQUE DE OLIVEIRA RESENDE;LUIS TIBE;43;ELEITO POR QP;MASCULINO;Não;O;SUPERIOR INCOMPLETO;DEPUTADO;Sim;2068391.59;117314;
219;SE;MG;PMDB;1515;RODRIGO OTAVIO SOARES PACHECO;RODRIGO PACHECO;37;ELEITO POR QP;MASCULINO;Não;B;SUPERIOR COMPLETO;ADVOGADO;Não;3811199.61;96283;
220;SE;MG;PSB;4044;STEFANO AGUIAR DOS SANTOS;STEFANO AGUIAR;38;ELEITO POR QP;MASCULINO;Não;O;SUPERIOR COMPLETO;SACERDOTE OU MEMBRO DE ORDEM OU SEITA RELIGIOSA;Não;390185.35;149302;
221;SE;MG;PP;1121;RENZO DO AMARAL BRAZ;RENZO BRAZ;34;ELEITO POR QP;MASCULINO;Não;B;SUPERIOR COMPLETO;DEPUTADO;Sim;3734836.79;118116;
222;SE;MG;PHS;3133;MARCELO GUILHERME DE ARO FERREIRA;MARCELO ARO;27;ELEITO POR QP;MASCULINO;Não;O;SUPERIOR COMPLETO;VEREADOR;Não;1132727.32;87363;
223;SE;MG;PSDB;4545;PAULO ABI-ACKEL;PAULO ABI-ACKEL;51;ELEITO POR QP;MASCULINO;Não;O;SUPERIOR COMPLETO;ADVOGADO;Sim;4205979.45;105616;
224;SE;MG;PP;1122;ANTâNIO PINHEIRO JéNIOR;TONINHO PINHEIRO;54;ELEITO POR QP;MASCULINO;Não;B;ENSINO FUNDAMENTAL COMPLETO;EMPRESµRIO;Não;4363338.66;152228;
225;SE;MG;PDT;1234;MARIO LUCIO HERINGER;MARIO HERINGER;60;ELEITO POR QP;MASCULINO;Não;B;SUPERIOR COMPLETO;MÉDICO;Não;2920159.32;94285;
226;SE;MG;PMDB;1500;LEONARDO LEMOS BARROS QUINTÇO;LEONARDO QUINTÇO;39;ELEITO POR QP;MASCULINO;Não;B;SUPERIOR COMPLETO;DEPUTADO;Não;4953956.4;123709;
227;SE;MG;DEM;2555;CARLOS DO CARMO ANDRADE MELLES;CARLOS MELLES;67;ELEITO POR QP;MASCULINO;Não;O;SUPERIOR COMPLETO;DEPUTADO;Sim;2258410.91;111027;
228;SE;MG;PV;4311;FABIO AUGUSTO RAMALHO DOS SANTOS;FABINHO RAMALHO;52;ELEITO POR QP;MASCULINO;Não;O;SUPERIOR COMPLETO;DEPUTADO;Sim;2403487.59;84545;
229;SE;MG;PT;1315;JOÇO CARLOS SIQUEIRA;PADRE JOÇO;47;ELEITO POR QP;MASCULINO;Não;B;SUPERIOR COMPLETO;DEPUTADO;Não;521032.05;114944;
230;SE;MG;PT;1307;ODAIR JOSE DA CUNHA;ODAIR CUNHA;38;ELEITO POR QP;MASCULINO;Não;B;SUPERIOR COMPLETO;DEPUTADO;Sim;3084049.74;207565;
231;SE;MG;PSDB;4560;DOMINGOS SAVIO CAMPOS RESENDE;DOMINGOS SµVIO;57;ELEITO POR QP;MASCULINO;Não;O;SUPERIOR COMPLETO;DEPUTADO;Sim;1959920.23;147828;
232;SE;MG;PMDB;1580;LAUDIVIO ALVARENGA CARVALHO;LAUDÖVIO CARVALHO;52;ELEITO POR QP;MASCULINO;Não;B;SUPERIOR COMPLETO;JORNALISTA E REDATOR;Não;319003.4;79294;
233;SE;MG;PSDB;4550;RODRIGO BATISTA DE CASTRO;RODRIGO DE CASTRO;43;ELEITO POR QP;MASCULINO;Sim;O;SUPERIOR COMPLETO;ADVOGADO;Sim;4591009.55;302110;
234;SE;MG;PMDB;1510;NEWTON CARDOSO JéNIOR;NEWTON CARDOSO JR;34;ELEITO POR QP;MASCULINO;Não;B;SUPERIOR COMPLETO;EMPRESµRIO;Não;1818364.16;133155;
235;SE;MG;PP;1145;LUIZ FERNANDO RAMOS FARIA;LUIZ FERNANDO;57;ELEITO POR QP;MASCULINO;Não;B;SUPERIOR COMPLETO;DEPUTADO;Sim;4342467.35;118455;
236;SE;MG;PP;1111;DIMAS FABIANO TOLEDO JéNIOR;DIMAS FABIANO;41;ELEITO POR QP;MASCULINO;Não;B;SUPERIOR COMPLETO;DEPUTADO;Não;2607639.02;135557;
237;CO;MT;PT;1313;SµGUAS MORAES SOUSA;SµGUAS MORAES;51;ELEITO POR QP;MASCULINO;Não;B;SUPERIOR COMPLETO;DEPUTADO;Não;993942.79;97858;
238;CO;MT;PMDB;1515;CARLOS GOMES BEZERRA;CARLOS BEZERRA;72;ELEITO POR QP;MASCULINO;Não;B;SUPERIOR COMPLETO;DEPUTADO;Sim;1686109.04;95739;
239;CO;MT;PSB;4045;ADILTON DOMINGOS SACHETTI;ADILTON SACHETTI;58;ELEITO POR QP;MASCULINO;Não;O;SUPERIOR COMPLETO;PRODUTOR AGROPECUµRIO;Não;3860361.98;112722;
240;CO;MT;PP;1111;EZEQUIEL ANGELO FONSECA;EZEQUIEL FONSECA;50;ELEITO POR MÉDIA;MASCULINO;Não;B;SUPERIOR COMPLETO;DEPUTADO;Não;2592295.31;90888;
241;CO;MT;PSB;4010;FABIO PAULINO GARCIA;FABIO GARCIA;37;ELEITO POR QP;MASCULINO;Não;O;SUPERIOR COMPLETO;EMPRESµRIO;Não;3065112.22;104976;
242;CO;MT;PSC;2020;VICTàRIO GALLI FILHO;PROFESSOR VICTàRIO GALLI;53;ELEITO POR MÉDIA;MASCULINO;Não;O;SUPERIOR COMPLETO;PROFESSOR DE ENSINO SUPERIOR;Não;814880.18;64691;
243;CO;MT;PROS;9090;VALTENIR LUIZ PEREIRA;VALTENIR PEREIRA;42;ELEITO POR MÉDIA;MASCULINO;Não;B;SUPERIOR COMPLETO;DEPUTADO;Sim;320497.15;62923;
244;CO;MT;PSDB;4500;NILSON APARECIDO LEITÇO;NILSON LEITÇO;45;ELEITO POR QP;MASCULINO;Não;O;ENSINO MÉDIO COMPLETO;DEPUTADO;Não;2460139.11;127749;
245;N;PA;PT;1313;JOSE ROBERTO OLIVEIRA FARO;BETO FARO;45;ELEITO POR QP;MASCULINO;Não;B;ENSINO FUNDAMENTAL COMPLETO;AGRICULTOR;Sim;599572.43;142970;
246;N;PA;PT;1321;JOSE GERALDO TORRES DA SILVA;ZÉ GERALDO;52;ELEITO POR QP;MASCULINO;Não;B;ENSINO FUNDAMENTAL COMPLETO;DEPUTADO;Sim;766819.99;105151;
247;N;PA;DEM;2525;HELIO LEITE DA SILVA;HÉLIO LEITE;56;ELEITO POR QP;MASCULINO;Não;O;SUPERIOR COMPLETO;CORRETOR DE IMàVEIS. SEGUROS. TÖTULOS E VALORES;Não;337807.59;85194;
248;N;PA;PSDB;4590;NILSON PINTO DE OLIVEIRA;NILSON PINTO;62;ELEITO POR QP;MASCULINO;Não;O;SUPERIOR COMPLETO;DEPUTADO;Sim;840231.71;193573;
249;N;PA;PTB;1456;JOSUÉ BENGTSON;JOSUÉ BENGTSON;70;ELEITO POR QP;MASCULINO;Não;B;ENSINO FUNDAMENTAL COMPLETO;DEPUTADO;Não;290591.66;122995;
250;N;PA;PMDB;1555;JOSÉ BENITO PRIANTE JUNIOR;PRIANTE;50;ELEITO POR QP;MASCULINO;Não;B;SUPERIOR COMPLETO;DEPUTADO;Não;462650;122348;
251;N;PA;PR;2222;LUCIO DUTRA VALE;LUCIO VALE;41;ELEITO POR QP;MASCULINO;Não;B;SUPERIOR COMPLETO;DEPUTADO;Sim;443475.55;148163;
252;N;PA;PSC;2020;JULIA MARIA GODINHO DA CRUZ MARINHO;JULIA MARINHO;54;ELEITO POR QP;FEMININO;Não;O;SUPERIOR COMPLETO;PEDAGOGO;Não;142203.33;86949;
253;N;PA;PSD;5555;JOAQUIM PASSARINHO PINTO DE SOUZA;JOAQUIM PASSARINHO;52;ELEITO POR QP;MASCULINO;Não;B;SUPERIOR COMPLETO;ARQUITETO;Não;341088.66;76148;
254;N;PA;SD;7777;WLADIMIR AFONSO DA COSTA RABELO;WLAD;50;ELEITO POR QP;MASCULINO;Não;O;ENSINO MÉDIO COMPLETO;DEPUTADO;Sim;642457.48;141213;
255;N;PA;PMDB;1588;SIMONE MARIA MORGADO FERREIRA;SIMONE MORGADO;47;ELEITO POR MÉDIA;FEMININO;Não;B;SUPERIOR COMPLETO;DEPUTADO;Não;571730.81;76510;
256;N;PA;PPS;2323;ARNALDO JORDY FIGUEIREDO;JORDY;55;ELEITO POR QP;MASCULINO;Não;O;SUPERIOR COMPLETO;DEPUTADO;Sim;538314.84;70950;
257;N;PA;PSD;5577;FRANCISCO ALVES DE AGUIAR;CHAPADINHA;58;ELEITO POR MÉDIA;MASCULINO;Não;B;ENSINO MÉDIO COMPLETO;COMERCIANTE;Não;575913.21;63671;
258;N;PA;PSD;5500;ÉDER MAURO CARDOSO BARRA;DELEGADO EDER MAURO;53;ELEITO POR QP;MASCULINO;Não;B;SUPERIOR COMPLETO;SERVIDOR PéBLICO ESTADUAL;Não;348235.62;265983;
259;N;PA;PROS;9010;ROBERTO SALAME FILHO;BETO SALAME;40;ELEITO POR QP;MASCULINO;Não;B;SUPERIOR COMPLETO;ADVOGADO;Não;1342934.3;93524;
260;N;PA;PMDB;1515;ELCIONE THEREZINHA ZAHLUTH BARBALHO;ELCIONE;70;ELEITO POR QP;FEMININO;Não;B;SUPERIOR COMPLETO;DEPUTADO;Sim;1088752.43;87632;
261;N;PA;PSOL;5050;EDMILSON BRITO RODRIGUES;EDMILSON RODRIGUES;57;ELEITO POR QP;MASCULINO;Não;O;SUPERIOR COMPLETO;DEPUTADO;Não;198885;170604;
262;NE;PE;PHS;3140;KAIO CÉSAR DE MOURA MANIÇOBA NOVAES FERRAZ;KAIO MANIÇOBA;30;ELEITO POR QP;MASCULINO;Não;O;SUPERIOR INCOMPLETO;OUTROS;Não;55635.85;28585;
263;NE;PE;PSB;4050;FRANCISCO EURICO DA SILVA;PASTOR EURICO;52;ELEITO POR QP;MASCULINO;Não;O;ENSINO MÉDIO COMPLETO;OUTROS;Sim;409150;233762;
264;NE;PE;PSB;4010;DANILO JORGE DE BARROS CABRAL;DANILO CABRAL;47;ELEITO POR QP;MASCULINO;Não;O;SUPERIOR COMPLETO;DEPUTADO;Sim;548486;113588;
265;NE;PE;PSDB;4500;HEBERTE LAMARCK GOMES DA SILVA;BETINHO;39;ELEITO POR QP;MASCULINO;Não;O;SUPERIOR COMPLETO;DEPUTADO;Não;1656860;97269;
266;NE;PE;PTB;1400;JOSE CAVALCANTI ALVES JUNIOR;ZECA CAVALCANTI;48;ELEITO POR QP;MASCULINO;Não;B;SUPERIOR COMPLETO;MÉDICO;Não;222730;97057;
267;NE;PE;PSB;4012;MARINALDO ROSENDO DE ALBUQUERQUE;MARINALDO ROSENDO;48;ELEITO POR QP;MASCULINO;Não;O;ENSINO MÉDIO COMPLETO;EMPRESµRIO;Não;747284.4;97380;
268;NE;PE;PTB;1414;RICARDO TEOBALDO CAVALCANTI;RICARDO TEOBALDO;48;ELEITO POR QP;MASCULINO;Não;B;ENSINO MÉDIO COMPLETO;EMPRESµRIO;Não;520500;92262;
269;NE;PE;PR;2222;ANDERSON FERREIRA RODRIGUES;ANDERSON FERREIRA;41;ELEITO POR QP;MASCULINO;Não;B;SUPERIOR INCOMPLETO;DEPUTADO;Sim;2250000;150565;
270;NE;PE;PR;2233;SEBASTIAO IGNACIO DE OLIVEIRA JUNIOR;SEBASTIAO OLIVEIRA;46;ELEITO POR QP;MASCULINO;Não;B;SUPERIOR COMPLETO;DEPUTADO;Não;596183;115926;
271;NE;PE;PDT;1234;WOLNEY QUEIROZ MACIEL;WOLNEY QUEIROZ;41;ELEITO POR QP;MASCULINO;Não;B;SUPERIOR INCOMPLETO;EMPRESµRIO;Sim;1592230;86739;
272;NE;PE;PTB;1444;ADALBERTO CAVALCANTI RODRIGUES;ADALBERTO CAVALCANTI;56;ELEITO POR QP;MASCULINO;Não;B;SUPERIOR COMPLETO;SERVIDOR PéBLICO ESTADUAL;Não;384086.95;99912;
273;NE;PE;PSB;4001;FERNANDO BEZERRA DE SOUZA COELHO FILHO;FERNANDO FILHO;30;ELEITO POR QP;MASCULINO;Não;O;SUPERIOR COMPLETO;DEPUTADO;Sim;912000;112684;
274;NE;PE;DEM;2525;JOSÉ MENDONÇA BEZERRA FILHO;MENDONÇA FILHO;48;ELEITO POR MÉDIA;MASCULINO;Não;O;SUPERIOR COMPLETO;DEPUTADO;Não;3496816;88250;
275;NE;PE;PSDB;4511;BRUNO CAVALCANTI DE ARAéJO;BRUNO ARAéJO;42;ELEITO POR QP;MASCULINO;Não;O;SUPERIOR COMPLETO;DEPUTADO;Não;3823970.27;131768;
276;NE;PE;PP;1111;EDUARDO HENRIQUE DA FONTE DE ALBUQUERQUE SILVA;EDUARDO DA FONTE;41;ELEITO POR QP;MASCULINO;Sim;B;ENSINO MÉDIO COMPLETO;DEPUTADO;Não;2712255.18;283567;
277;NE;PE;PSD;5555;ANDRE CARLOS ALVES DE PAULA FILHO;ANDRE DE PAULA;53;ELEITO POR QP;MASCULINO;Não;B;SUPERIOR COMPLETO;ADVOGADO;Não;1282958.6;100875;
278;NE;PE;PSC;2020;SILVIO SERAFIM COSTA;SILVIO COSTA;57;ELEITO POR QP;MASCULINO;Não;O;SUPERIOR COMPLETO;OUTROS;Não;1734690;103461;
279;NE;PE;PMDB;1515;JARBAS DE ANDRADE VASCONCELOS;JARBAS;72;ELEITO POR QP;MASCULINO;Não;B;SUPERIOR COMPLETO;SENADOR;Não;1979036;227470;
280;NE;PE;PSB;4020;FRANCISCO TADEU BARBOSA DE ALENCAR;TADEU ALENCAR;51;ELEITO POR QP;MASCULINO;Não;O;SUPERIOR COMPLETO;OUTROS;Não;1360633.65;102669;
281;NE;PE;PSB;4040;JOAO FERNANDO PONTUAL COUTINHO;JOAO FERNANDO COUTINHO;35;ELEITO POR QP;MASCULINO;Não;O;SUPERIOR COMPLETO;DEPUTADO;Não;1274000;120059;
282;NE;PE;PSDB;4545;DANIEL PIRES COELHO;DANIEL COELHO;35;ELEITO POR QP;MASCULINO;Não;O;SUPERIOR COMPLETO;EMPRESµRIO;Não;779070.14;138825;
283;NE;PE;PSB;4004;FELIPE AUGUSTO LYRA CARRERAS;FELIPE CARRERAS;39;ELEITO POR QP;MASCULINO;Não;O;ENSINO MÉDIO COMPLETO;EMPRESµRIO;Não;1176880;187348;
284;NE;PE;PTB;1411;JORGE WICKS CâRTE REAL;JORGE CâRTE REAL;63;ELEITO POR QP;MASCULINO;Não;B;SUPERIOR COMPLETO;OUTROS;Não;1048700;86023;
285;NE;PE;PSB;4000;LUIZ GONZAGA PATRIOTA;GONZAGA PATRIOTA;68;ELEITO POR QP;MASCULINO;Não;O;SUPERIOR COMPLETO;OUTROS;Sim;466999.26;101452;
286;NE;PE;PC do B;6510;LUCIANA BARBOSA DE OLIVEIRA SANTOS;LUCIANA SANTOS;48;ELEITO POR MÉDIA;FEMININO;Não;B;SUPERIOR COMPLETO;DEPUTADO;Sim;2031446.35;85053;
287;NE;PI;PTB;1490;FµBIO ABREU COSTA;CAPITÇO FABIO ABREU;41;ELEITO POR MÉDIA;MASCULINO;Não;B;SUPERIOR COMPLETO;POLICIAL MILITAR;Não;186876.53;80839;
288;NE;PI;PTB;1410;JOSÉ FRANCISCO PAES LANDIM;PAES LANDIM;77;ELEITO POR QP;MASCULINO;Não;B;SUPERIOR COMPLETO;DEPUTADO;Não;985963.63;82549;
289;NE;PI;PT;1313;FRANCISCO DE ASSIS CARVALHO GONÇALVES;ASSIS CARVALHO;53;ELEITO POR QP;MASCULINO;Não;B;SUPERIOR COMPLETO;DEPUTADO;Não;1114946;94093;
290;NE;PI;PSB;4040;ATILA FREITAS LIRA;ATILA LIRA;67;ELEITO POR QP;MASCULINO;Não;O;SUPERIOR COMPLETO;ECONOMISTA;Sim;1117147.49;129276;
291;NE;PI;PSD;5555;JULIO CESAR DE CARVALHO LIMA;JéLIO CÉSAR;66;ELEITO POR QP;MASCULINO;Não;B;SUPERIOR COMPLETO;DEPUTADO;Sim;416779;99750;
292;NE;PI;PSB;4036;HERACLITO DE SOUSA FORTES;HERACLITO;64;ELEITO POR QP;MASCULINO;Não;O;SUPERIOR INCOMPLETO;SERVIDOR PéBLICO CIVIL APOSENTADO;Não;4136768.12;90898;
293;NE;PI;PSB;4041;RODRIGO RODRIGUES DE SOUZA MARTINS;RODRIGO;32;ELEITO POR QP;MASCULINO;Não;O;SUPERIOR COMPLETO;ODONTàLOGO;Não;451038.97;92349;
294;NE;PI;PMDB;1515;MARCELO COSTA E CASTRO;MARCELO CASTRO;64;ELEITO POR QP;MASCULINO;Não;B;SUPERIOR COMPLETO;DEPUTADO;Sim;605966.65;111132;
295;NE;PI;PT;1311;REJANE RIBEIRO SOUSA DIAS;REJANE DIAS;42;ELEITO POR QP;FEMININO;Não;B;SUPERIOR COMPLETO;DEPUTADO;Não;931206.38;134157;
296;NE;PI;PP;1111;IRACEMA MARIA PORTELLA NUNES NOGUEIRA LIMA;IRACEMA PORTELLA;48;ELEITO POR QP;FEMININO;Não;B;SUPERIOR COMPLETO;DEPUTADO;Não;6723539.5;121121;
297;S;PR;PP;1120;MARCELO BELINATI MARTINS;MARCELO BELINATI;43;ELEITO POR QP;MASCULINO;Não;B;SUPERIOR COMPLETO;MÉDICO;Não;951521;137817;
298;S;PR;PTN;1900;CHRISTIANE DE SOUZA YARED;CHRISTIANE YARED;54;ELEITO POR QP;FEMININO;Não;O;ENSINO MÉDIO COMPLETO;EMPRESµRIO;Não;120830.5;200144;
299;S;PR;PSDB;4566;JACOB ALFREDO STOFFELS KAEFER;ALFREDO KAEFER;58;ELEITO POR MÉDIA;MASCULINO;Não;O;ENSINO FUNDAMENTAL COMPLETO;INDUSTRIAL;Sim;4780022.82;82554;
300;S;PR;PT;1310;JOSÉ CARLOS BECKER DE OLIVEIRA E SILVA;ZECA DIRCEU;36;ELEITO POR QP;MASCULINO;Não;B;SUPERIOR COMPLETO;DEPUTADO;Não;2000101.32;155583;
301;S;PR;PP;1111;NELSON MEURER;NELSON MEURER;72;ELEITO POR QP;MASCULINO;Não;B;ENSINO FUNDAMENTAL COMPLETO;DEPUTADO;Sim;2645682.2;106478;
302;S;PR;PSB;4040;LUCIANO DUCCI;LUCIANO DUCCI;59;ELEITO POR QP;MASCULINO;Não;O;SUPERIOR COMPLETO;MÉDICO;Não;1769880.14;156263;
303;S;PR;PSC;2014;HIDEKAZU TAKAYAMA;TAKAYAMA;66;ELEITO POR QP;MASCULINO;Não;O;SUPERIOR INCOMPLETO;DEPUTADO;Sim;186056.64;162952;
304;S;PR;PSD;5533;EVANDRO ROGÉRIO ROMAN;EVANDRO ROMAN;41;ELEITO POR QP;MASCULINO;Não;B;SUPERIOR COMPLETO;PROFESSOR E INSTRUTOR DE FORMAÇÇO PROFISSIONAL;Não;1616819.71;92042;
305;S;PR;PMDB;1533;OSMAR JOSE SERRAGLIO;OSMAR SERRAGLIO;66;ELEITO POR QP;MASCULINO;Não;B;SUPERIOR COMPLETO;ADVOGADO;Sim;1495649.45;117048;
306;S;PR;PT;1345;ANTONIO WANDSCHEER;TONINHO WANDSCHEER;64;ELEITO POR MÉDIA;MASCULINO;Não;B;SUPERIOR COMPLETO;EMPRESµRIO;Não;1748346.12;71822;
307;S;PR;PSDB;4545;VALDIR LUIZ ROSSONI;VALDIR ROSSONI;61;ELEITO POR QP;MASCULINO;Não;O;SUPERIOR COMPLETO;EMPRESµRIO;Não;1468376.08;177324;
308;S;PR;PHS;3131;DIEGO ALEXSANDER GONÇALO PAULA GARCIA;DIEGO GARCIA;29;ELEITO POR QP;MASCULINO;Não;O;SUPERIOR INCOMPLETO;VENDEDOR DE COMÉRCIO VAREJISTA E ATACADISTA;Não;116240.86;61063;
309;S;PR;PMDB;1512;SERGIO DE SOUZA;SERGIO SOUZA;43;ELEITO POR MÉDIA;MASCULINO;Não;B;SUPERIOR COMPLETO;SENADOR;Não;2206137.21;77699;
310;S;PR;PMDB;1540;HERMES PARCIANELLO;HERMES FRANGÇO PARCIANELLO;56;ELEITO POR QP;MASCULINO;Não;B;SUPERIOR COMPLETO;DEPUTADO;Sim;343004.4;150213;
311;S;PR;PPS;2323;SANDRO ALEX CRUZ DE OLIVEIRA;SANDRO ALEX;41;ELEITO POR QP;MASCULINO;Não;O;SUPERIOR COMPLETO;EMPRESµRIO;Sim;847828.13;116909;
312;S;PR;PC do B;6565;ALIEL MACHADO BARK;ALIEL MACHADO;25;ELEITO POR QP;MASCULINO;Não;B;SUPERIOR INCOMPLETO;VEREADOR;Não;576451.52;82886;
313;S;PR;PV;4300;LEANDRE DAL PONTE;LEANDRE;38;ELEITO POR QP;FEMININO;Não;O;SUPERIOR COMPLETO;ENGENHEIRO;Não;262649;81181;
314;S;PR;PP;1151;RICARDO JOSÉ MAGALHÇES BARROS;RICARDO BARROS;54;ELEITO POR QP;MASCULINO;Não;B;SUPERIOR COMPLETO;ENGENHEIRO;Não;3134612.27;114396;
315;S;PR;PSB;4070;LEOPOLDO COSTA MEYER;LEOPOLDO MEYER;64;ELEITO POR MÉDIA;MASCULINO;Não;O;SUPERIOR COMPLETO;DEPUTADO;Sim;514484.9;59974;
316;S;PR;PT;1330;ENIO JOSÉ VERRI;ENIO VERRI;53;ELEITO POR QP;MASCULINO;Não;B;SUPERIOR COMPLETO;DEPUTADO;Não;523384.3;107508;
317;S;PR;PMDB;1511;JOÇO JOSÉ DE ARRUDA JUNIOR;JOAO ARRUDA;38;ELEITO POR QP;MASCULINO;Não;B;SUPERIOR COMPLETO;DEPUTADO;Não;1684658.68;176370;
318;S;PR;SD;7777;FERNANDO DESTITO FRANCISCHINI;DELEGADO FRANCISCHINI;44;ELEITO POR QP;MASCULINO;Não;O;SUPERIOR COMPLETO;DEPUTADO;Sim;2560734.62;159569;
319;S;PR;PR;2222;LUIZ HILOSHI NISHIMORI;LUIZ NISHIMORI;65;ELEITO POR QP;MASCULINO;Não;B;SUPERIOR COMPLETO;DEPUTADO;Não;2466817.17;106852;
320;S;PR;PR;2200;FERNANDO LUCIO GIACOBO;GIACOBO;43;ELEITO POR QP;MASCULINO;Não;B;SUPERIOR COMPLETO;DEPUTADO;Sim;2731264.69;144305;
321;S;PR;PSC;2023;EDMAR DE SOUZA ARRUDA;EDMAR ARRUDA;55;ELEITO POR MÉDIA;MASCULINO;Não;O;SUPERIOR COMPLETO;DEPUTADO;Sim;2991353.66;85155;
322;S;PR;PPS;2300;RUBENS BUENO;RUBENS BUENO;66;ELEITO POR QP;MASCULINO;Não;O;SUPERIOR COMPLETO;DEPUTADO;Sim;801922.44;95841;
323;S;PR;PP;1122;DILCEU JOÇO SPERAFICO;DILCEU SPERAFICO;66;ELEITO POR QP;MASCULINO;Não;B;SUPERIOR COMPLETO;DEPUTADO;Não;2189700;151930;
324;S;PR;PT;1314;ASSIS MIGUEL DO COUTO;ASSIS DO COUTO;52;ELEITO POR QP;MASCULINO;Não;B;ENSINO MÉDIO COMPLETO;AGRICULTOR;Sim;343667.77;76116;
325;S;PR;PTB;1414;ALEX CANZIANI SILVEIRA;ALEX CANZIANI;50;ELEITO POR QP;MASCULINO;Não;B;SUPERIOR COMPLETO;DEPUTADO;Sim;1882118.19;187475;
326;S;PR;PSDB;4515;LUIZ CARLOS JORGE HAULY;LUIZ CARLOS HAULY;63;ELEITO POR QP;MASCULINO;Não;O;SUPERIOR COMPLETO;DEPUTADO;Sim;3023233.69;86439;
327;SE;RJ;PSOL;5020;BENEVENUTO DACIOLO FONSECA DOS SANTOS;CABO DACIOLO;38;ELEITO POR QP;MASCULINO;Não;O;SUPERIOR COMPLETO;BOMBEIRO MILITAR;Não;38809.5;49831;
328;SE;RJ;PSDC;2727;LUIZ CARLOS RAMOS;LUIZ CARLOS RAMOS DO CHAPEU;63;ELEITO POR QP;MASCULINO;Não;N;ENSINO MÉDIO COMPLETO;VEREADOR;Não;615259.51;33221;
329;SE;RJ;PT;1312;LUIZ SERGIO NàBREGA DE OLIVEIRA;LUIZ SÉRGIO;56;ELEITO POR QP;MASCULINO;Não;B;SUPERIOR COMPLETO;DEPUTADO;Não;2429512.5;48903;
330;SE;RJ;DEM;2587;RODRIGO FELINTO IBARRA EPITµCIO MAIA;RODRIGO MAIA;44;ELEITO POR QP;MASCULINO;Não;O;SUPERIOR INCOMPLETO;DEPUTADO;Não;2361183.05;53167;
331;SE;RJ;PRP;4415;ALEXANDRE VALLE CARDOSO;ALEXANDRE VALLE;41;ELEITO POR QP;MASCULINO;Não;O;SUPERIOR INCOMPLETO;COMERCIANTE;Não;241765.91;26526;
332;SE;RJ;PP;1120;JAIR MESSIAS BOLSONARO;JAIR BOLSONARO;59;ELEITO POR QP;MASCULINO;Sim;B;SUPERIOR COMPLETO;DEPUTADO;Sim;405224;464572;
333;SE;RJ;PDT;1200;MARCELO VIVIANI GONÇALVES;MARCELO MATOS;46;ELEITO POR QP;MASCULINO;Não;B;ENSINO MÉDIO COMPLETO;DEPUTADO;Não;665987.5;47370;
334;SE;RJ;PTB;1456;WANDERLEY ALVES DE OLIVEIRA;DELEY;55;ELEITO POR MÉDIA;MASCULINO;Não;B;SUPERIOR COMPLETO;ADMINISTRADOR;Não;619060;48874;
335;SE;RJ;PR;2280;FRANCISCO FLORIANO DE SOUSA SILVA;FRANCISCO FLORIANO;55;ELEITO POR QP;MASCULINO;Não;B;ENSINO MÉDIO COMPLETO;DEPUTADO;Sim;206564.15;47157;
336;SE;RJ;PR;2211;MARCOS BEZERRA RIBEIRO SOARES;MARCOS SOARES;36;ELEITO POR QP;MASCULINO;Não;B;SUPERIOR COMPLETO;DEPUTADO;Não;817780;44440;
337;SE;RJ;PTB;1414;CRISTIANE BRASIL FRANCISCO;CRISTIANE BRASIL;40;ELEITO POR QP;FEMININO;Não;B;SUPERIOR COMPLETO;VEREADOR;Não;5365728.32;81817;
338;SE;RJ;PMDB;1530;EDUARDO COSENTINO DA CUNHA;EDUARDO CUNHA;56;ELEITO POR QP;MASCULINO;Não;B;SUPERIOR COMPLETO;DEPUTADO;Sim;6832480.98;232708;
339;SE;RJ;PROS;9000;MIRO TEIXEIRA;MIRO TEIXEIRA;69;ELEITO POR QP;MASCULINO;Não;B;SUPERIOR COMPLETO;DEPUTADO;Sim;1928200;58409;
340;SE;RJ;PT;1313;ALESSANDRO LUCCIOLA MOLON;ALESSANDRO MOLON;42;ELEITO POR QP;MASCULINO;Não;B;SUPERIOR COMPLETO;ADVOGADO;Sim;858162.5;87003;
341;SE;RJ;PSDB;4555;OTAVIO SANTOS SILVA LEITE;OTAVIO LEITE;53;ELEITO POR QP;MASCULINO;Não;O;SUPERIOR COMPLETO;DEPUTADO;Sim;2429182.72;106398;
342;SE;RJ;PSD;5501;SERGIO ZVEITER;SERGIO ZVEITER;58;ELEITO POR QP;MASCULINO;Não;B;SUPERIOR COMPLETO;ADVOGADO;Sim;5720550.5;57587;
343;SE;RJ;PRB;1010;ROBERTO DA SILVA SALES;ROBERTO SALES;36;ELEITO POR QP;MASCULINO;Não;B;SUPERIOR COMPLETO;ADMINISTRADOR;Não;232619.5;124087;
344;SE;RJ;PROS;9090;HUGO LEAL MELO DA SILVA;HUGO LEAL;52;ELEITO POR QP;MASCULINO;Não;B;SUPERIOR COMPLETO;ADVOGADO;Sim;1922400;85449;
345;SE;RJ;PSD;5570;ALEXANDRE AUGUSTUS SERFIOTIS;ALEXANDRE SERFIOTIS;38;ELEITO POR QP;MASCULINO;Não;B;SUPERIOR COMPLETO;MÉDICO;Não;908489;48879;
346;SE;RJ;PP;1125;SIMAO SESSIM;SIMÇO SESSIM;78;ELEITO POR QP;MASCULINO;Não;B;SUPERIOR COMPLETO;DEPUTADO;Sim;2765208.99;58825;
347;SE;RJ;PMDB;1516;WASHINGTON REIS DE OLIVEIRA;WASHINGTON REIS;47;ELEITO POR QP;MASCULINO;Não;B;ENSINO MÉDIO INCOMPLETO;DEPUTADO;Sim;1362633.01;103190;
348;SE;RJ;PC do B;6565;JANDIRA FEGHALI;JANDIRA FEGHALI;57;ELEITO POR QP;FEMININO;Não;B;SUPERIOR COMPLETO;DEPUTADO;Sim;1173885.49;68531;
349;SE;RJ;PMDB;1515;PEDRO PAULO CARVALHO TEIXEIRA;PEDRO PAULO;42;ELEITO POR QP;MASCULINO;Não;B;SUPERIOR COMPLETO;DEPUTADO;Sim;3488083;162403;
350;SE;RJ;PR;2269;ALTINEU CORTES FREITAS COUTINHO;ALTINEU CORTES;46;ELEITO POR MÉDIA;MASCULINO;Não;B;ENSINO MÉDIO COMPLETO;DEPUTADO;Não;553820;40593;
351;SE;RJ;SD;7725;EZEQUIEL CORTAZ TEIXEIRA;EZEQUIEL TEIXEIRA;59;ELEITO POR QP;MASCULINO;Não;O;SUPERIOR COMPLETO;ADVOGADO;Não;172075;35701;
352;SE;RJ;PSD;5593;AROLDE DE OLIVEIRA;AROLDE DE OLIVEIRA;77;ELEITO POR QP;MASCULINO;Não;B;SUPERIOR COMPLETO;ENGENHEIRO;Sim;843140;55380;
353;SE;RJ;PRB;1033;ROSANGELA DE SOUZA GOMES;ROSANGELA GOMES;47;ELEITO POR QP;FEMININO;Não;B;SUPERIOR COMPLETO;DEPUTADO;Não;303556.5;101686;
354;SE;RJ;PP;1111;JULIO LUIZ BAPTISTA LOPES;JéLIO LOPES;55;ELEITO POR QP;MASCULINO;Não;B;SUPERIOR COMPLETO;DEPUTADO;Sim;3345774.5;96796;
355;SE;RJ;PMDB;1577;MARCO ANTâNIO NEVES CABRAL;MARCO ANTâNIO CABRAL;23;ELEITO POR QP;MASCULINO;Não;B;SUPERIOR INCOMPLETO;ESTUDANTE. BOLSISTA. ESTAGIµRIO E ASSEMELHADOS;Não;6789094.5;119584;
356;SE;RJ;PR;2222;CLARISSA BARROS ASSED MATHEUS DE OLIVEIRA;CLARISSA GAROTINHO;32;ELEITO POR QP;FEMININO;Sim;B;SUPERIOR COMPLETO;DEPUTADO;Não;961204.72;335061;
357;SE;RJ;PT;1303;FABIANO TAQUES HORTA;FABIANO HORTA;40;ELEITO POR MÉDIA;MASCULINO;Não;B;SUPERIOR COMPLETO;VEREADOR;Não;531085.5;37989;
358;SE;RJ;PSD;5577;SàSTENES SILVA CAVALCANTE;SàSTENES CAVALCANTE;39;ELEITO POR QP;MASCULINO;Não;B;SUPERIOR COMPLETO;SACERDOTE OU MEMBRO DE ORDEM OU SEITA RELIGIOSA;Não;699036.5;104697;
359;SE;RJ;PMDB;1550;FERNANDO ANTONIO CECILIANO JORDÇO;FERNANDO JORDÇO;62;ELEITO POR MÉDIA;MASCULINO;Não;B;SUPERIOR COMPLETO;DEPUTADO;Não;721285;47188;
360;SE;RJ;PMDB;1580;LEONARDO CARNEIRO MONTEIRO PICCIANI;LEONARDO PICCIANI;34;ELEITO POR QP;MASCULINO;Não;B;SUPERIOR COMPLETO;DEPUTADO;Sim;3489218.51;180741;
361;SE;RJ;PMDB;1540;CELSO PANSERA;CELSO PANSERA;50;ELEITO POR QP;MASCULINO;Não;B;SUPERIOR COMPLETO;PROFESSOR DE ENSINO SUPERIOR;Não;1276638;58534;
362;SE;RJ;PT;1377;BENEDITA SOUZA DA SILVA SAMPAIO;BENEDITA DA SILVA;72;ELEITO POR MÉDIA;FEMININO;Não;B;SUPERIOR COMPLETO;ASSISTENTE SOCIAL;Sim;721413;48163;
363;SE;RJ;PSB;4080;GLAUBER DE MEDEIROS BRAGA;GLAUBER;32;ELEITO POR QP;MASCULINO;Não;O;SUPERIOR COMPLETO;ADVOGADO;Sim;564356;82236;
364;SE;RJ;PR;2288;PAULO FERNANDO FEIJà TORRES;PAULO FEIJà;58;ELEITO POR QP;MASCULINO;Não;B;SUPERIOR COMPLETO;DEPUTADO;Não;229745.28;48058;
365;SE;RJ;PSD;5522;FELIPE LEONE BORNIER DE OLIVEIRA;FELIPE BORNIER;35;ELEITO POR QP;MASCULINO;Não;B;SUPERIOR COMPLETO;COMERCIANTE;Sim;1009268.05;105517;
366;SE;RJ;PSOL;5005;JEAN WYLLYS DE MATOS SANTOS;JEAN WYLLYS;40;ELEITO POR QP;MASCULINO;Não;O;SUPERIOR COMPLETO;JORNALISTA E REDATOR;Sim;75592.07;144770;
367;SE;RJ;SD;7733;AUREO LIDIO MOREIRA RIBEIRO;AUREO;35;ELEITO POR QP;MASCULINO;Não;O;ENSINO MÉDIO COMPLETO;DEPUTADO;Sim;2674841.47;58117;
368;SE;RJ;PSD;5566;ANTONIO PEDRO INDIO DA COSTA;INDIO DA COSTA;43;ELEITO POR QP;MASCULINO;Não;B;SUPERIOR COMPLETO;ADVOGADO;Não;2827801.02;91523;
369;SE;RJ;PMDB;1513;SORAYA ALENCAR DOS SANTOS;SORAYA SANTOS;55;ELEITO POR MÉDIA;FEMININO;Não;B;SUPERIOR COMPLETO;ADVOGADO;Não;1394452.5;48204;
370;SE;RJ;PSOL;5050;FRANCISCO RODRIGUES DE ALENCAR FILHO;CHICO ALENCAR;64;ELEITO POR QP;MASCULINO;Não;O;SUPERIOR COMPLETO;PROFESSOR DE ENSINO SUPERIOR;Sim;180746.65;195964;
371;SE;RJ;PT;1310;FRANCISCO JOSÉ D'ANGELO PINTO;CHICO D'ANGELO;61;ELEITO POR QP;MASCULINO;Não;B;SUPERIOR COMPLETO;MÉDICO;Não;783588.96;52809;
372;SE;RJ;PR;2200;JOAO FERREIRA NETO;DR JOÇO;64;ELEITO POR QP;MASCULINO;Não;B;SUPERIOR COMPLETO;MÉDICO;Não;49530;65624;
373;NE;RN;PSD;5555;FµBIO SALUSTINO MESQUITA DE FARIA;FABIO FARIA;37;ELEITO POR QP;MASCULINO;Não;B;SUPERIOR COMPLETO;EMPRESµRIO;Não;1583454.91;166427;
374;NE;RN;PMDB;1511;WALTER PEREIRA ALVES;WALTER ALVES;34;ELEITO POR QP;MASCULINO;Não;B;SUPERIOR COMPLETO;DEPUTADO;Não;2540750.36;191064;
375;NE;RN;PROS;9090;RAFAEL HUETE DA MOTTA;RAFAEL MOTTA;28;ELEITO POR QP;MASCULINO;Não;B;SUPERIOR COMPLETO;VEREADOR;Não;674833.2;176239;
376;NE;RN;PP;1111;CARLOS ALBERTO DE SOUSA ROSADO SEGUNDO;BETINHO ROSADO SEGUNDO;32;ELEITO POR QP;MASCULINO;Não;B;SUPERIOR COMPLETO;AGRâNOMO;Não;737310;64445;
377;NE;RN;PSDB;4545;ROGÉRIO SIMONETTI MARINHO;ROGERIO MARINHO;50;ELEITO POR QP;MASCULINO;Não;O;SUPERIOR COMPLETO;ECONOMISTA;Não;835840;81534;
378;NE;RN;DEM;2512;FELIPE CATALÇO MAIA;FELIPE MAIA;40;ELEITO POR QP;MASCULINO;Não;O;SUPERIOR COMPLETO;DEPUTADO;Não;1975271.82;113722;
379;NE;RN;PMN;3333;ANTâNIO JµCOME DE LIMA JUNIOR;JµCOME;52;ELEITO POR MÉDIA;MASCULINO;Não;O;SUPERIOR COMPLETO;DEPUTADO;Não;709700;71555;
380;NE;RN;PR;2222;ZENAIDE MAIA CALADO PEREIRA DOS SANTOS;DRA ZENAIDE MAIA;59;ELEITO POR QP;FEMININO;Não;B;SUPERIOR COMPLETO;MÉDICO;Não;770821.09;134588;
381;N;RO;PSDB;4545;MARIANA FONSECA RIBEIRO CARVALHO DE MORAES;MARIANA CARVALHO;27;ELEITO POR QP;FEMININO;Não;O;SUPERIOR COMPLETO;MÉDICO;Não;892647;60324;
382;N;RO;PTB;1406;NILTON BALBINO;NILTON CAPIXABA;54;ELEITO POR QP;MASCULINO;Não;B;SUPERIOR COMPLETO;DEPUTADO;Sim;624089.53;42353;
383;N;RO;PMDB;1555;LUCIO ANTONIO MOSQUINI;LUCIO MOSQUINI;45;ELEITO POR QP;MASCULINO;Não;B;SUPERIOR COMPLETO;ENGENHEIRO;Não;952009.96;40595;
384;N;RO;SD;7745;EXPEDITO GONÇALVES FERREIRA NETTO;EXPEDITO NETTO;26;ELEITO POR MÉDIA;MASCULINO;Não;O;SUPERIOR INCOMPLETO;EMPRESµRIO;Não;846994.4;25691;
385;N;RO;PMDB;1515;MARINHA CÉLIA ROCHA RAUPP DE MATOS;MARINHA RAUPP;53;ELEITO POR QP;FEMININO;Não;B;SUPERIOR COMPLETO;PSICàLOGO;Não;1795269.49;61419;
386;N;RO;PR;2222;LUIZ CLAUDIO PEREIRA ALVES;LUIZ CLAUDIO;54;ELEITO POR QP;MASCULINO;Não;B;ENSINO MÉDIO COMPLETO;DEPUTADO;Não;1038048.5;33737;
387;N;RO;PDT;1234;MARCOS ROGERIO DA SILVA BRITO;MARCOS ROGERIO;36;ELEITO POR QP;MASCULINO;Não;B;SUPERIOR COMPLETO;ADVOGADO;Sim;395867.56;60780;
388;N;RO;PMDB;1521;LINDOMAR BARBOSA ALVES;LINDOMAR GARÇON;44;ELEITO POR MÉDIA;MASCULINO;Não;B;SUPERIOR INCOMPLETO;COMERCIANTE;Sim;710886.6;24146;
389;N;RR;PSDB;4545;SHÉRIDAN ESTERFANY OLIVEIRA DE ANCHIETA;SHÉRIDAN;30;ELEITO POR QP;FEMININO;Não;O;SUPERIOR COMPLETO;PSICàLOGO;Não;769180.85;35555;
390;N;RR;PMDB;1515;EDIO VIEIRA LOPES;EDIO LOPES;62;ELEITO POR QP;MASCULINO;Não;B;ENSINO MÉDIO COMPLETO;DEPUTADO;Sim;2410463.23;15290;
391;N;RR;PHS;3131;CARLOS AUGUSTO ANDRADE SILVA;CARLOS ANDRADE;50;ELEITO POR MÉDIA;MASCULINO;Não;O;SUPERIOR COMPLETO;SERVIDOR PéBLICO FEDERAL;Não;85472;6733;
392;N;RR;PDT;1234;ABEL SALVADOR MESQUITA JUNIOR;ABEL GALINHA;52;ELEITO POR QP;MASCULINO;Não;B;SUPERIOR INCOMPLETO;EMPRESµRIO;Não;199396;8834;
393;N;RR;PSB;4040;MARIA HELENA VERONESE RODRIGUES;MARIA HELENA;65;ELEITO POR MÉDIA;FEMININO;Não;O;SUPERIOR COMPLETO;ADVOGADO;Não;397707.35;7481;
394;N;RR;PR;2233;REMIDIO MONAI MONTESSI;REMIDIO DA AMATUR;48;ELEITO POR QP;MASCULINO;Não;B;ENSINO MÉDIO COMPLETO;DEPUTADO;Não;796341.78;15492;
395;N;RR;PRB;1011;JOHNATHAN PEREIRA DE JESUS;JOHNATHAN DE JESUS;31;ELEITO POR QP;MASCULINO;Não;B;SUPERIOR COMPLETO;DEPUTADO;Sim;318750;20677;
396;N;RR;PMN;3333;HIRAN MANUEL GONÇALVES DA SILVA;DR. HIRAN GONÇALVES;57;ELEITO POR QP;MASCULINO;Não;O;SUPERIOR COMPLETO;MÉDICO;Não;201569.31;9048;
397;S;RS;PMDB;1520;MµRCIO DELLA VALLE BIOLCHI;MµRCIO BIOLCHI;35;ELEITO POR QP;MASCULINO;Não;B;SUPERIOR INCOMPLETO;ESTUDANTE. BOLSISTA. ESTAGIµRIO E ASSEMELHADOS;Não;1321672.75;119190;
398;S;RS;PDT;1221;GIOVANI CHERINI;GIOVANI  CHERINI;54;ELEITO POR QP;MASCULINO;Não;B;SUPERIOR COMPLETO;DEPUTADO;Sim;879215.71;115294;
399;S;RS;PDT;1212;DARCI POMPEO DE MATTOS;POMPEO DE MATTOS;56;ELEITO POR QP;MASCULINO;Não;B;SUPERIOR COMPLETO;BANCµRIO E ECONOMIµRIO;Não;464362.55;91849;
400;S;RS;PSD;5501;DANRLEI DE DEUS HINTERHOLZ;DANRLEI DE DEUS GOLEIRO;41;ELEITO POR QP;MASCULINO;Não;B;ENSINO MÉDIO INCOMPLETO;DEPUTADO;Sim;391550;158973;
401;S;RS;DEM;2522;ONYX DORNELLES LORENZONI;ONYX LORENZONI;60;ELEITO POR QP;MASCULINO;Não;O;SUPERIOR COMPLETO;DEPUTADO;Sim;2062470;148302;
402;S;RS;PDT;1200;AFONSO ANTUNES DA MOTTA;AFONSO MOTTA;64;ELEITO POR MÉDIA;MASCULINO;Não;B;SUPERIOR COMPLETO;ADVOGADO;Não;1354345.25;90917;
403;S;RS;PT;1313;HENRIQUE FONTANA JUNIOR;HENRIQUE FONTANA;54;ELEITO POR QP;MASCULINO;Não;B;SUPERIOR COMPLETO;DEPUTADO;Sim;1411240;128981;
404;S;RS;PP;1133;JERâNIMO PIZZOLOTTO GOERGEN;JERâNIMO GOERGEN;38;ELEITO POR QP;MASCULINO;Não;B;SUPERIOR COMPLETO;DEPUTADO;Não;2755080;115173;
405;S;RS;PRB;1011;ANTONIO CARLOS GOMES DA SILVA;CARLOS GOMES;42;ELEITO POR QP;MASCULINO;Não;B;ENSINO MÉDIO COMPLETO;DEPUTADO;Não;560180.1;92323;
406;S;RS;PT;1320;ELVINO JOSE BOHN GASS;BOHN GASS;52;ELEITO POR QP;MASCULINO;Não;B;SUPERIOR COMPLETO;DEPUTADO;Sim;501001.14;100841;
407;S;RS;PC do B;6565;JOÇO DERLY DE OLIVEIRA NUNES JUNIOR;JOÇO DERLY;33;ELEITO POR QP;MASCULINO;Não;B;SUPERIOR INCOMPLETO;VEREADOR;Não;372436.67;106991;
408;S;RS;PMDB;1502;DARCISIO PAULO PERONDI;PERONDI;67;ELEITO POR QP;MASCULINO;Não;B;SUPERIOR COMPLETO;MÉDICO;Sim;1792298;109864;
409;S;RS;PMDB;1522;OSMAR GASPARINI TERRA;OSMAR TERRA;64;ELEITO POR QP;MASCULINO;Não;B;SUPERIOR COMPLETO;MÉDICO;Sim;974371.39;120755;
410;S;RS;PT;1307;PAULO ROBERTO SEVERO PIMENTA;PAULO PIMENTA;49;ELEITO POR QP;MASCULINO;Não;B;SUPERIOR COMPLETO;DEPUTADO;Sim;1978720;140868;
411;S;RS;PT;1301;GILBERTO JOSÉ SPIER VARGAS;PEPE VARGAS;55;ELEITO POR QP;MASCULINO;Não;B;SUPERIOR COMPLETO;MÉDICO;Não;599857.53;109469;
412;S;RS;PP;1144;LUIS CARLOS HEINZE;LUIZ CARLOS HEINZE;64;ELEITO POR QP;MASCULINO;Não;B;SUPERIOR COMPLETO;DEPUTADO;Sim;2713220;162462;
413;S;RS;PT;1355;DIONILSO MATEUS MARCON;MARCON;50;ELEITO POR QP;MASCULINO;Não;B;ENSINO FUNDAMENTAL INCOMPLETO;AGRICULTOR;Sim;453419.68;116178;
414;S;RS;PSDB;4545;NELSON MARCHEZAN JUNIOR;NELSON MARCHEZAN JUNIOR;42;ELEITO POR QP;MASCULINO;Não;O;SUPERIOR COMPLETO;ADVOGADO;Sim;1822256.5;119375;
415;S;RS;PSB;4012;HEITOR JOSE SCHUCH;HEITOR SCHUCH;52;ELEITO POR QP;MASCULINO;Não;O;ENSINO MÉDIO COMPLETO;AGRICULTOR;Não;502600;101243;
416;S;RS;PP;1111;LUIS ANTONIO FRANCISCATTO COVATTI;COVATTI FILHO;27;ELEITO POR QP;MASCULINO;Não;B;ENSINO MÉDIO COMPLETO;OUTROS;Não;737510.94;115131;
417;S;RS;PTB;1412;SÉRGIO IVAN MORAES;SÉRGIO MORAES;56;ELEITO POR QP;MASCULINO;Não;B;ENSINO FUNDAMENTAL COMPLETO;DEPUTADO;Não;287862.75;115155;
418;S;RS;PP;1122;RENATO DELMAR MOLLING;RENATO MOLLING;54;ELEITO POR QP;MASCULINO;Não;B;SUPERIOR COMPLETO;DEPUTADO;Sim;2248300;102770;
419;S;RS;PMDB;1500;ALCEU MOREIRA DA SILVA;ALCEU MOREIRA;60;ELEITO POR QP;MASCULINO;Não;B;SUPERIOR INCOMPLETO;DEPUTADO;Sim;1702273.69;152421;
420;S;RS;PTB;1414;LUIZ CARLOS GHIORZZI BUSATO;BUSATO;65;ELEITO POR QP;MASCULINO;Não;B;SUPERIOR COMPLETO;ARQUITETO;Sim;1194194.44;130807;
421;S;RS;PT;1314;MARCO AURÉLIO SPALL MAIA;MARCO MAIA;48;ELEITO POR QP;MASCULINO;Não;B;SUPERIOR INCOMPLETO;OUTROS;Não;2299928.15;133639;
422;S;RS;PT;1370;MARIA DO ROSµRIO NUNES;MARIA DO ROSµRIO;47;ELEITO POR QP;FEMININO;Não;B;SUPERIOR COMPLETO;PROFESSOR DE ENSINO MÉDIO;Não;1294751.3;127919;
423;S;RS;PT;1345;FERNANDO STEPHAN MARRONI;FERNANDO MARRONI;58;ELEITO POR MÉDIA;MASCULINO;Não;B;SUPERIOR COMPLETO;ENGENHEIRO;Sim;456190;94275;
424;S;RS;PMDB;1515;GIOVANI BATISTA FELTES;GIOVANI FELTES;57;ELEITO POR QP;MASCULINO;Não;B;ENSINO MÉDIO COMPLETO;EMPRESµRIO;Não;802513.4;151406;
425;S;RS;PP;1166;JOSÉ ALFONSO EBERT HAMM;AFONSO HAMM;52;ELEITO POR QP;MASCULINO;Não;B;SUPERIOR COMPLETO;DEPUTADO;Não;1463548.54;132202;
426;S;RS;PTB;1423;RONALDO NOGUEIRA DE OLIVEIRA;RONALDO NOGUEIRA;48;ELEITO POR MÉDIA;MASCULINO;Não;B;SUPERIOR COMPLETO;ADMINISTRADOR;Não;393780.34;77017;
427;S;RS;PSB;4080;JOSE LUIZ STEDILE;JOSE STEDILE;57;ELEITO POR QP;MASCULINO;Não;O;SUPERIOR COMPLETO;DEPUTADO;Sim;510712.96;60523;
428;S;SC;PSDB;4545;MARCO ANTONIO TEBALDI;MARCO TEBALDI;56;ELEITO POR QP;MASCULINO;Não;O;SUPERIOR COMPLETO;DEPUTADO;Sim;561356.37;135042;
429;S;SC;PT;1313;DÉCIO NERY DE LIMA;DÉCIO LIMA;54;ELEITO POR QP;MASCULINO;Não;B;SUPERIOR COMPLETO;ADVOGADO;Não;1985573.77;112366;
430;S;SC;PMDB;1510;ROGERIO MENDONÇA;PENINHA;61;ELEITO POR QP;MASCULINO;Não;B;SUPERIOR COMPLETO;AGRâNOMO;Não;892496;137784;
431;S;SC;PR;2223;JORGINHO DOS SANTOS MELLO;JORGINHO MELLO;58;ELEITO POR QP;MASCULINO;Não;B;SUPERIOR COMPLETO;DEPUTADO;Sim;1461356.66;140839;
432;S;SC;PSD;5555;JOÇO RODRIGUES;JOÇO RODRIGUES;47;ELEITO POR QP;MASCULINO;Não;B;ENSINO MÉDIO COMPLETO;EMPRESµRIO;Não;1631542.19;221409;
433;S;SC;PP;1133;ESPERIDIÇO AMIN HELOU FILHO;ESPERIDIÇO AMIN;66;ELEITO POR QP;MASCULINO;Não;B;SUPERIOR COMPLETO;DEPUTADO;Não;1373575.85;229668;
434;S;SC;PSD;5510;CESAR ANTONIO DE SOUZA;CESAR SOUZA;56;ELEITO POR QP;MASCULINO;Não;B;ENSINO MÉDIO INCOMPLETO;EMPRESµRIO;Não;1185978.79;110777;
435;S;SC;PMDB;1516;VALDIR COLATTO;VALDIR COLATTO;64;ELEITO POR QP;MASCULINO;Não;B;SUPERIOR COMPLETO;ENGENHEIRO;Não;619891;115431;
436;S;SC;PSD;5588;JOÇO PAULO KARAM KLEINUBING;JOÇO PAULO KLEINUBING;41;ELEITO POR QP;MASCULINO;Não;B;SUPERIOR COMPLETO;ADMINISTRADOR;Não;617756.15;132349;
437;S;SC;PSDB;4577;GEOVANIA DE SA RODRIGUES;GEOVANIA DE Sµ;42;ELEITO POR MÉDIA;FEMININO;Não;O;SUPERIOR COMPLETO;ADMINISTRADOR;Não;179909.3;52757;
438;S;SC;PT;1350;PEDRO FRANCISCO UCZAI;PEDRO UCZAI;51;ELEITO POR QP;MASCULINO;Não;B;SUPERIOR COMPLETO;PROFESSOR DE ENSINO SUPERIOR;Sim;839750.96;135439;
439;S;SC;PP;1105;JORGE CATARINO LEONARDELI BOEIRA;JORGE BOEIRA;58;ELEITO POR QP;MASCULINO;Não;B;SUPERIOR COMPLETO;DEPUTADO;Sim;1704577.07;123770;
440;S;SC;PPS;2323;CARMEN EMÖLIA BONFµ ZANOTTO;CARMEN ZANOTTO;51;ELEITO POR QP;FEMININO;Não;O;SUPERIOR COMPLETO;ENFERMEIRO;Não;373176.79;78607;
441;S;SC;PMDB;1560;CELSO MALDANER;CELSO MALDANER;61;ELEITO POR QP;MASCULINO;Não;B;SUPERIOR COMPLETO;DEPUTADO;Sim;1166870;110436;
442;S;SC;PMDB;1509;RONALDO JOSÉ BENEDET;RONALDO BENEDET;58;ELEITO POR MÉDIA;MASCULINO;Não;B;SUPERIOR COMPLETO;DEPUTADO;Não;1795659.98;105303;
443;S;SC;PMDB;1570;MAURO MARIANI;MAURO MARIANI;50;ELEITO POR QP;MASCULINO;Não;B;SUPERIOR COMPLETO;DEPUTADO;Sim;1971993.09;195942;
444;NE;SE;PMDB;1515;FµBIO DE ALMEIDA REIS;FµBIO REIS;37;ELEITO POR QP;MASCULINO;Não;B;SUPERIOR INCOMPLETO;DEPUTADO;Não;317058.09;10337;
445;NE;SE;PT;1311;JOÇO SOMARIVA DANIEL;JOÇO DANIEL;47;ELEITO POR MÉDIA;MASCULINO;Não;B;ENSINO MÉDIO COMPLETO;DEPUTADO;Não;304881.23;8343;
446;NE;SE;PSB;4040;ANTONIO CARLOS VALADARES FILHO;VALADARES FILHO;34;ELEITO POR QP;MASCULINO;Não;O;SUPERIOR COMPLETO;DEPUTADO;Sim;586162.44;17194;
447;NE;SE;PRB;1010;JONY MARCOS DE SOUZA ARAéJO;PASTOR JONY;37;ELEITO POR QP;MASCULINO;Não;B;SUPERIOR INCOMPLETO;OUTROS;Não;328041.26;12135;
448;NE;SE;DEM;2510;JOSÉ DE ARAéJO MENDONÇA SOBRINHO;MENDONÇA PRADO;47;ELEITO POR QP;MASCULINO;Não;O;SUPERIOR COMPLETO;ADVOGADO;Não;461728;12529;
449;NE;SE;SD;7777;LAÉRCIO JOSÉ DE OLIVEIRA;LAÉRCIO OLIVEIRA;55;ELEITO POR QP;MASCULINO;Não;O;SUPERIOR COMPLETO;DEPUTADO;Não;1428731.78;7303;
450;NE;SE;PTB;1414;ADELSON BARRETO DOS SANTOS;ADELSON BARRETO;50;ELEITO POR QP;MASCULINO;Não;B;SUPERIOR COMPLETO;JORNALISTA E REDATOR;Não;79211.9;13376;
451;NE;SE;PSD;5555;FµBIO CRUZ MITIDIERI;FµBIO MITIDIERI;37;ELEITO POR QP;MASCULINO;Não;B;SUPERIOR COMPLETO;EMPRESµRIO;Não;325123.2;3720;
452;N;TO;PMDB;1511;DULCE FERREIRA PAGANI MIRANDA;DULCE MIRANDA;50;ELEITO POR QP;FEMININO;Não;B;SUPERIOR COMPLETO;DONA DE CASA;Não;908276;75934;
453;N;TO;PP;1145;LµZARO BOTELHO MARTINS;LµZARO BOTELHO;67;ELEITO POR QP;MASCULINO;Não;B;ENSINO MÉDIO COMPLETO;DEPUTADO;Não;1068389.14;42935;
454;N;TO;PMDB;1515;CARLOS HENRIQUE AMORIM;CARLOS GAGUIM;53;ELEITO POR MÉDIA;MASCULINO;Não;B;SUPERIOR COMPLETO;EMPRESµRIO;Não;527172.4;44739;
455;N;TO;PSD;5510;IRAJµ SILVESTRE FILHO;IRAJµ ABREU;31;ELEITO POR QP;MASCULINO;Não;B;SUPERIOR COMPLETO;DEPUTADO;Não;2428063.26;62859;
456;N;TO;DEM;2580;MARIA AUXILIADORA SEABRA REZENDE;PROFESSORA DORINHA;50;ELEITO POR QP;FEMININO;Não;O;SUPERIOR COMPLETO;DEPUTADO;Sim;778346.29;41802;
457;N;TO;PMDB;1500;JOSINIANE BRAGA NUNES;JOSI NUNES;52;ELEITO POR QP;FEMININO;Não;B;SUPERIOR COMPLETO;DEPUTADO;Não;861785;53452;
458;N;TO;PRB;1010;CESAR HANNA HALUM;CESAR HALUM;60;ELEITO POR QP;MASCULINO;Não;B;SUPERIOR COMPLETO;DEPUTADO;Sim;759685.59;46119;
459;N;TO;PSB;4040;VICENTE ALVES DE OLIVEIRA JUNIOR;VICENTINHO JUNIOR;29;ELEITO POR QP;MASCULINO;Não;O;ENSINO MÉDIO COMPLETO;EMPRESµRIO;Não;1245720.14;51069;
460;N;AP;PDT;1212;ANTâNIO ROBERTO RODRIGUES GàES DA SILVA;ROBERTO GàES;48;ELEITO POR QP;MASCULINO;Não;B;SUPERIOR COMPLETO;ADMINISTRADOR;Não;82054;22134;
461;N;AP;PMDB;1512;LUIZ GIONILSON PINHEIRO BORGES;CABUÇU;50;ELEITO POR MÉDIA;MASCULINO;Não;B;SUPERIOR COMPLETO;LOCUTOR E COMENTARISTA DE RµDIO E TELEVISÇO E RADIALISTA;Não;72423;18709;
462;N;AP;PSC;2020;MARCOS JOSE REATEGUI SOUZA;MARCOS REATEGUI;53;ELEITO POR QP;MASCULINO;Não;O;SUPERIOR COMPLETO;SERVIDOR PéBLICO FEDERAL;Não;235842.5;12485;
463;N;AP;PTB;1478;JOZIANE ARAUJO NASCIMENTO ROCHA;JOZI ROCHA;35;ELEITO POR MÉDIA;FEMININO;Não;B;ENSINO MÉDIO COMPLETO;EMPRESµRIO;Não;176348.44;10007;
464;N;AP;PR;2222;VINÖCIUS DE AZEVEDO GURGEL;VINÖCIUS GURGEL;36;ELEITO POR QP;MASCULINO;Não;B;SUPERIOR COMPLETO;DEPUTADO;Não;2060000;18661;
465;N;AP;PRB;1010;ANDRÉ DOS SANTOS ABDON;ANDRÉ ABDON;43;ELEITO POR MÉDIA;MASCULINO;Não;B;SUPERIOR COMPLETO;OUTROS;Não;89464;13798;
466;N;AP;PSB;4040;JANETE MARIA GàES CAPIBERIBE;JANETE;65;ELEITO POR QP;FEMININO;Não;O;SUPERIOR INCOMPLETO;DEPUTADO;Não;265500;21108;
467;N;AP;PT;1312;MARCIVANIA DO SOCORRO DA ROCHA FLEXA;PROFESSORA MARCIV¶NIA;41;ELEITO POR MÉDIA;FEMININO;Não;B;SUPERIOR COMPLETO;PROFESSOR DE ENSINO MÉDIO;Sim;235820.94;16162;
468;CO;DF;SD;7777;AUGUSTO SILVEIRA DE CARVALHO;AUGUSTO CARVALHO;61;ELEITO POR MÉDIA;MASCULINO;Não;O;SUPERIOR COMPLETO;SERVIDOR PéBLICO CIVIL APOSENTADO;Não;481280.09;39461;
469;CO;DF;PSD;5555;ROGERIO SCHUMANN ROSSO;ROGÉRIO ROSSO;46;ELEITO POR QP;MASCULINO;Não;B;SUPERIOR COMPLETO;ADVOGADO;Não;1008888.52;93653;
470;CO;DF;PR;2222;LAERTE RODRIGUES DE BESSA;LAERTE BESSA;60;ELEITO POR MÉDIA;MASCULINO;Não;B;SUPERIOR COMPLETO;POLICIAL CIVIL;Não;408200;32843;
471;CO;DF;DEM;2525;JOÇO ALBERTO FRAGA SILVA;FRAGA;58;ELEITO POR QP;MASCULINO;Não;O;SUPERIOR COMPLETO;POLICIAL MILITAR;Não;1515281.72;155056;
472;CO;DF;PROS;9090;RONALDO FONSECA DE SOUZA;RONALDO FONSECA;55;ELEITO POR QP;MASCULINO;Não;B;SUPERIOR COMPLETO;DEPUTADO;Sim;457630;84583;
473;CO;DF;PT;1331;ÉRIKA JUCµ KOKAY;ÉRIKA KOKAY;57;ELEITO POR QP;FEMININO;Não;B;SUPERIOR COMPLETO;DEPUTADO;Não;823153.39;92558;
474;CO;DF;PMDB;1515;RâNEY T¶NIOS NEMER;RâNEY NEMER;51;ELEITO POR QP;MASCULINO;Não;B;SUPERIOR COMPLETO;SERVIDOR PéBLICO ESTADUAL;Não;975771.27;82594;
475;CO;DF;PSDB;4545;IZALCI LUCAS FERREIRA;IZALCI;58;ELEITO POR QP;MASCULINO;Não;O;SUPERIOR COMPLETO;DEPUTADO;Sim;1033145.77;71937;
476;NE;MA;PEN;5151;ANDRÉ LUIS CARVALHO RIBEIRO;ANDRE FUFUCA;25;ELEITO POR QP;MASCULINO;Não;O;ENSINO MÉDIO COMPLETO;ESTUDANTE. BOLSISTA. ESTAGIµRIO E ASSEMELHADOS;Não;268727.37;56879;
477;NE;MA;PEN;5122;ANTONIO DA CRUZ FILGUEIRA JUNIOR;JUNIOR MARRECA;44;ELEITO POR MÉDIA;MASCULINO;Não;O;SUPERIOR COMPLETO;ADVOGADO;Não;217543;50962;
478;NE;MA;PT;1300;JOSE  CARLOS NUNES JUNIOR;ZÉ CARLOS;59;ELEITO POR QP;MASCULINO;Não;B;SUPERIOR COMPLETO;DEPUTADO;Não;526885.16;90531;
479;NE;MA;PDT;1211;JULIÇO AMIN CASTRO;JULIAO AMIN;68;ELEITO POR MÉDIA;MASCULINO;Não;B;SUPERIOR COMPLETO;ADVOGADO;Não;440806.6;64896;
480;NE;MA;PDT;1212;WEVERTON ROCHA MARQUES DE SOUSA;WEVERTON ROCHA;34;ELEITO POR QP;MASCULINO;Não;B;SUPERIOR COMPLETO;DEPUTADO;Não;796400;81161;
481;NE;MA;PRP;4410;JOSE JUSCELINO DOS SANTOS REZENDE FILHO;JUSCELINO FILHO;29;ELEITO POR QP;MASCULINO;Não;O;SUPERIOR COMPLETO;MÉDICO;Não;288174.62;83955;
482;NE;MA;PSDC;2727;ALUISIO GUIMARÇES MENDES FILHO;ALUISIO MENDES;52;ELEITO POR QP;MASCULINO;Não;N;SUPERIOR COMPLETO;SERVIDOR PéBLICO FEDERAL;Não;526268.15;50658;
483;NE;MA;PMDB;1513;HILDO AUGUSTO DA ROCHA NETO;HILDO ROCHA;54;ELEITO POR QP;MASCULINO;Não;B;SUPERIOR COMPLETO;ADMINISTRADOR;Não;191191.04;125521;
484;NE;MA;PMDB;1555;JOÇO MARCELO SANTOS SOUSA;JOÇO MARCELO;40;ELEITO POR MÉDIA;MASCULINO;Não;B;SUPERIOR COMPLETO;OUTROS;Não;171683;83847;
485;NE;MA;PRB;1010;CLEBER VERDE CORDEIRO MENDES;CLEBER VERDE;42;ELEITO POR QP;MASCULINO;Não;B;SUPERIOR COMPLETO;ADVOGADO;Não;554600;105243;
486;NE;MA;PTB;1414;PEDRO FERNANDES RIBEIRO;PEDRO FERNANDES;65;ELEITO POR QP;MASCULINO;Não;B;SUPERIOR COMPLETO;DEPUTADO;Sim;251910.67;85507;
487;NE;MA;PV;4356;CARLOS VICTOR GUTERRES MENDES;VICTOR MENDES;35;ELEITO POR QP;MASCULINO;Não;O;SUPERIOR COMPLETO;ADVOGADO;Não;526135.31;85034;
488;NE;MA;PV;4321;JOSÉ SARNEY FILHO;SARNEY FILHO;57;ELEITO POR QP;MASCULINO;Não;O;SUPERIOR COMPLETO;DEPUTADO;Não;1861367.42;91669;
489;NE;MA;PPS;2323;ELIZIANE PEREIRA GAMA FERREIRA;ELIZIANE GAMA;37;ELEITO POR QP;FEMININO;Não;O;SUPERIOR COMPLETO;DEPUTADO;Não;367950.65;133575;
490;NE;MA;PSB;4040;JOSÉ REINALDO CARNEIRO TAVARES;ZÉ REINALDO;75;ELEITO POR QP;MASCULINO;Não;O;SUPERIOR COMPLETO;ENGENHEIRO;Não;195513.32;86728;
491;NE;MA;PSDB;4555;JOÇO CASTELO RIBEIRO GONÇALVES;JOÇO CASTELO;76;ELEITO POR MÉDIA;MASCULINO;Não;O;SUPERIOR COMPLETO;ADVOGADO;Não;256040;52783;
492;NE;MA;PC do B;6565;RUBENS PEREIRA E SILVA JUNIOR;RUBENS PEREIRA JéNIOR;30;ELEITO POR QP;MASCULINO;Não;B;SUPERIOR COMPLETO;DEPUTADO;Não;605619.79;118115;
493;NE;MA;PP;1111;WALDIR MARANHÇO CARDOSO;WALDIR MARANHÇO;59;ELEITO POR QP;MASCULINO;Não;B;SUPERIOR COMPLETO;DEPUTADO;Não;755794;66274;
494;CO;MS;PSDB;4545;MARCIO CAMPOS MONTEIRO;MARCIO MONTEIRO;57;ELEITO POR MÉDIA;MASCULINO;Não;O;SUPERIOR COMPLETO;PECUARISTA;Não;803038.5;56441;
495;CO;MS;DEM;2555;LUIZ HENRIQUE MANDETTA;MANDETTA;49;ELEITO POR QP;MASCULINO;Não;O;SUPERIOR COMPLETO;MÉDICO;Sim;2114755.74;57374;
496;CO;MS;PMDB;1511;GERALDO RESENDE PEREIRA;GERALDO RESENDE;59;ELEITO POR QP;MASCULINO;Não;B;SUPERIOR COMPLETO;DEPUTADO;Sim;1593850;87546;
497;CO;MS;PSB;4040;TEREZA CRISTINA CORREA DA COSTA DIAS;TEREZA CRISTINA;60;ELEITO POR QP;FEMININO;Não;O;SUPERIOR COMPLETO;EMPRESµRIO;Não;4298808.33;75149;
498;CO;MS;PMDB;1515;CARLOS EDUARDO XAVIER MARUN;MARUN;53;ELEITO POR QP;MASCULINO;Não;B;SUPERIOR COMPLETO;DEPUTADO;Não;1624641;91816;
499;CO;MS;PT;1331;VANDER LUIZ DOS SANTOS LOUBET;VANDER LOUBET;50;ELEITO POR QP;MASCULINO;Não;B;SUPERIOR COMPLETO;DEPUTADO;Sim;2995057.44;69504;
500;CO;MS;PT;1313;JOSÉ ORCÖRIO MIRANDA DOS SANTOS;ZECA DO PT;64;ELEITO POR QP;MASCULINO;Não;B;SUPERIOR COMPLETO;VEREADOR;Não;1398470.44;160556;
501;CO;MS;PDT;1234;DAGOBERTO NOGUEIRA FILHO;DAGOBERTO NOGUEIRA;59;ELEITO POR MÉDIA;MASCULINO;Não;B;SUPERIOR COMPLETO;ADVOGADO;Não;1581508;54813;
502;NE;PB;PMDB;1522;HUGO MOTTA WANDERLEY DA NOBREGA;HUGO;25;ELEITO POR QP;MASCULINO;Não;B;SUPERIOR COMPLETO;DEPUTADO;Sim;742259.17;123686;
503;NE;PB;PMDB;1515;MANOEL ALVES DA SILVA JUNIOR;MANOEL JUNIOR;50;ELEITO POR MÉDIA;MASCULINO;Não;B;SUPERIOR COMPLETO;DEPUTADO;Sim;1091562.32;105693;
504;NE;PB;PMDB;1510;VENEZIANO VITAL DO RÒGO SEGUNDO NETO;VENEZIANO;44;ELEITO POR QP;MASCULINO;Não;B;SUPERIOR COMPLETO;ADVOGADO;Não;1088197.33;177680;
505;NE;PB;PDT;1212;DAMIÇO FELICIANO DA SILVA;DR. DAMIÇO;62;ELEITO POR MÉDIA;MASCULINO;Não;B;SUPERIOR COMPLETO;DEPUTADO;Não;577519.75;67558;
506;NE;PB;PT;1345;LUIZ ALBUQUERQUE COUTO;LUIZ COUTO;69;ELEITO POR QP;MASCULINO;Não;B;SUPERIOR COMPLETO;DEPUTADO;Sim;402402.66;69922;
507;NE;PB;DEM;2511;EFRAIM DE ARAéJO MORAIS FILHO;EFRAIM FILHO;35;ELEITO POR QP;MASCULINO;Não;O;SUPERIOR COMPLETO;ADVOGADO;Não;882050;103477;
508;NE;PB;PP;1111;AGUINALDO VELLOSO BORGES RIBEIRO;AGUINALDO RIBEIRO;45;ELEITO POR QP;MASCULINO;Não;B;SUPERIOR COMPLETO;DEPUTADO;Sim;1742321.25;161999;
509;NE;PB;SD;7777;BENJAMIN GOMES MARANHÇO NETO;BENJAMIN MARANHÇO;42;ELEITO POR MÉDIA;MASCULINO;Não;O;SUPERIOR COMPLETO;DEPUTADO;Não;526825.31;63433;
510;NE;PB;PR;2222;JOSÉ WELLINGTON ROBERTO;WELLINGTON ROBERTO;55;ELEITO POR QP;MASCULINO;Não;B;SUPERIOR INCOMPLETO;EMPRESµRIO;Não;2246134;104799;
511;NE;PB;PSD;5555;RâMULO JOSÉ DE GOUVEIA;RâMULO GOUVEIA;49;ELEITO POR QP;MASCULINO;Não;B;SUPERIOR COMPLETO;SERVIDOR PéBLICO ESTADUAL;Não;390634.44;84820;
512;NE;PB;PTB;1411;JOSE WILSON SANTIAGO FILHO;WILSON FILHO;25;ELEITO POR QP;MASCULINO;Não;B;SUPERIOR COMPLETO;DEPUTADO;Sim;348553.31;95746;
513;NE;PB;PSDB;4510;PEDRO OLIVEIRA CUNHA LIMA;PEDRO CUNHA LIMA;26;ELEITO POR QP;MASCULINO;Não;O;SUPERIOR COMPLETO;ADVOGADO;Não;891364.31;179886;
